{"stats":{"minecraft:crafted":{"sophisticatedbackpacks:magnet_upgrade":1,"minecraft:birch_slab":14,"sophisticatedbackpacks:crafting_upgrade":1,"minecraft:diamond_shovel":1,"quark:deepslate_furnace":8,"minecraft:bookshelf":30,"minecraft:glass":114,"minecraft:diamond_helmet":1,"minecraft:diamond_leggings":1,"minecraft:cooked_porkchop":12,"minecraft:diamond_axe":1,"sophisticatedbackpacks:advanced_feeding_upgrade":1,"minecraft:iron_pickaxe":3,"storagedrawers:drawer_key":2,"storagedrawers:upgrade_template":4,"tombstone:book_of_disenchantment":2,"minecraft:stone_shovel":2,"minecraft:diamond_hoe":1,"minecraft:stone_pickaxe":2,"minecraft:diamond_boots":1,"minecraft:spruce_boat":1,"minecraft:redstone_block":25,"minecraft:dark_oak_planks":28,"minecraft:wheat":1,"sophisticatedbackpacks:gold_backpack":2,"minecraft:oak_planks":32,"minecraft:hopper":1,"minecraft:bow":2,"minecraft:comparator":2,"minecraft:smoker":6,"minecraft:crafting_table":2,"minecraft:spruce_planks":28,"minecraft:baked_potato":512,"sophisticatedbackpacks:feeding_upgrade":2,"minecraft:birch_planks":142,"sophisticatedbackpacks:upgrade_base":5,"minecraft:dark_oak_slab":12,"minecraft:charcoal":10,"minecraft:diamond_pickaxe":2,"minecraft:shield":1,"minecraft:stick":10,"minecraft:stone_sword":2,"minecraft:black_bed":1,"minecraft:redstone_torch":10,"minecraft:furnace":2,"minecraft:dark_oak_trapdoor":4,"minecraft:piston":17,"storagedrawers:controller":1,"minecraft:glistering_melon_slice":8,"sophisticatedbackpacks:iron_backpack":1,"minecraft:crimson_planks":24,"minecraft:diamond_sword":1,"minecraft:dark_oak_stairs":16,"minecraft:stone_axe":14,"minecraft:bread":3,"minecraft:air":864,"storagedrawers:compacting_drawers_3":1,"minecraft:oak_boat":2,"sophisticatedbackpacks:pickup_upgrade":1,"minecraft:white_dye":2,"minecraft:diamond_chestplate":1},"minecraft:killed_by":{"minecraft:piglin_brute":2,"minecraft:vindicator":1,"minecraft:wither_skeleton":2,"minecraft:player":1,"minecraft:hoglin":2},"minecraft:dropped":{"sophisticatedbackpacks:upgrade_base":1,"minecraft:crimson_stem":21,"minecraft:porkchop":1,"minecraft:cooked_beef":6,"minecraft:cooked_porkchop":1,"minecraft:weeping_vines":1,"minecraft:red_sandstone":2,"minecraft:dark_oak_slab":12,"minecraft:crossbow":2,"minecraft:rooted_dirt":13,"minecraft:mossy_stone_brick_stairs":1,"minecraft:cracked_stone_bricks":5,"minecraft:saddle":1,"minecraft:rail":2,"minecraft:leather_helmet":1,"minecraft:light_weighted_pressure_plate":1,"minecraft:dirt":14,"minecraft:red_bed":3,"minecraft:stone_button":2,"minecraft:dark_oak_fence":5,"minecraft:writable_book":2,"minecraft:gold_nugget":11,"minecraft:sand":64,"minecraft:smooth_red_sandstone_slab":8,"minecraft:fermented_spider_eye":2,"minecraft:bone":4,"minecraft:stone_axe":4,"minecraft:sugar_cane":2,"minecraft:lever":2,"minecraft:iron_nugget":26,"minecraft:cobbled_deepslate":262,"minecraft:birch_sapling":1,"minecraft:wheat":28,"minecraft:rotten_flesh":67,"minecraft:oak_planks":28,"minecraft:nether_brick_fence":2,"minecraft:salmon":2,"minecraft:tipped_arrow":23,"minecraft:jungle_stairs":1,"minecraft:leather_boots":1,"minecraft:leather_leggings":2,"minecraft:spruce_slab":24,"minecraft:glass":163,"minecraft:stone_brick_stairs":6,"minecraft:egg":8,"minecraft:crimson_planks":19,"minecraft:golden_boots":1,"minecraft:iron_ingot":2,"minecraft:wheat_seeds":126,"minecraft:birch_leaves":19,"minecraft:feather":1,"minecraft:cobblestone":24,"minecraft:book":48,"minecraft:apple":4,"minecraft:granite":2,"minecraft:spruce_button":9,"minecraft:spruce_door":1,"minecraft:bamboo_block":3,"minecraft:chainmail_helmet":1,"minecraft:coal":2,"minecraft:pufferfish":1,"minecraft:cooked_salmon":8,"minecraft:potion":1,"minecraft:stripped_birch_log":3,"minecraft:dead_bush":10,"minecraft:smooth_stone":2,"minecraft:chainmail_leggings":1,"minecraft:iron_shovel":1,"minecraft:paper":3,"minecraft:string":3,"minecraft:spruce_sapling":7,"minecraft:furnace":3,"sophisticatedbackpacks:feeding_upgrade":2,"minecraft:stone_sword":2,"minecraft:cobblestone_wall":22,"minecraft:bowl":5,"minecraft:chiseled_red_sandstone":1,"minecraft:sticky_piston":3,"minecraft:diamond_hoe":1,"minecraft:stone_shovel":2,"minecraft:name_tag":1,"minecraft:nether_bricks":2,"minecraft:cobblestone_slab":6,"minecraft:potato":160,"minecraft:flower_pot":14,"minecraft:spruce_trapdoor":3,"minecraft:bundle":6,"minecraft:wooden_shovel":8,"minecraft:redstone_torch":1,"minecraft:stone_bricks":13,"minecraft:barrel":1,"minecraft:spider_eye":7,"minecraft:sandstone":1,"minecraft:bow":2,"minecraft:red_sand":19,"storagedrawers:oak_full_drawers_4":4,"minecraft:terracotta":16,"minecraft:nether_brick_stairs":5,"minecraft:brown_mushroom":2,"minecraft:candle":5,"minecraft:dark_oak_stairs":3,"minecraft:diamond_axe":1,"minecraft:oak_log":48,"minecraft:lantern":1,"minecraft:leather":3,"minecraft:mossy_cobblestone_wall":1,"minecraft:birch_slab":44,"minecraft:music_disc_13":2,"minecraft:flint":3,"minecraft:polished_blackstone_brick_stairs":1,"minecraft:crimson_roots":4,"minecraft:birch_log":53,"minecraft:gold_ingot":10,"minecraft:white_tulip":1,"minecraft:spyglass":2,"storagedrawers:spruce_full_drawers_4":4,"minecraft:carrot":4,"minecraft:chainmail_chestplate":3,"minecraft:chiseled_stone_bricks":1,"minecraft:rabbit_hide":3,"minecraft:gunpowder":1,"minecraft:birch_trapdoor":12,"minecraft:smooth_red_sandstone_stairs":2,"minecraft:powered_rail":3,"minecraft:cracked_nether_bricks":1,"minecraft:oak_leaves":3,"minecraft:netherrack":8,"minecraft:water_bucket":1,"minecraft:stone_hoe":6,"minecraft:bread":9,"minecraft:oak_slab":1,"storagedrawers:dark_oak_full_drawers_4":4,"minecraft:mossy_cobblestone":8,"minecraft:poisonous_potato":15,"minecraft:golden_axe":2,"minecraft:spruce_stairs":17,"minecraft:diorite":7,"minecraft:torch":24,"minecraft:nether_wart_block":1,"minecraft:fire_charge":2,"minecraft:iron_leggings":1,"minecraft:polished_andesite_stairs":1,"sophisticatedbackpacks:crafting_upgrade":2,"minecraft:tripwire_hook":2,"minecraft:bucket":2,"minecraft:music_disc_cat":1,"minecraft:redstone":1,"minecraft:dandelion":7,"storagedrawers:birch_full_drawers_4":48,"minecraft:nether_brick_slab":2,"minecraft:oak_trapdoor":2,"minecraft:coarse_dirt":26,"minecraft:blaze_rod":3,"minecraft:wild_armor_trim_smithing_template":2,"minecraft:composter":2,"minecraft:red_terracotta":9,"minecraft:oak_button":1,"minecraft:orange_terracotta":1,"minecraft:mossy_stone_bricks":5,"minecraft:purple_bed":1,"minecraft:golden_leggings":1,"minecraft:oak_sapling":174,"minecraft:golden_sword":2,"storagedrawers:drawer_key":2,"minecraft:stone_pickaxe":1},"minecraft:custom":{"minecraft:interact_with_crafting_table":54,"minecraft:open_barrel":202,"minecraft:leave_game":3,"minecraft:time_since_death":559152,"minecraft:damage_blocked_by_shield":3443,"minecraft:play_time":951926,"minecraft:deaths":9,"minecraft:jump":10405,"minecraft:enchant_item":2,"minecraft:interact_with_furnace":70,"minecraft:sleep_in_bed":29,"minecraft:waystone_activated":2,"minecraft:damage_dealt":52306,"tombstone:undead_killed":160,"minecraft:interact_with_smoker":32,"minecraft:inspect_dispenser":2,"minecraft:interact_with_smithing_table":1,"minecraft:interact_with_anvil":10,"minecraft:sneak_time":22188,"minecraft:total_world_time":951926,"minecraft:time_since_rest":10174,"minecraft:swim_one_cm":277401,"minecraft:fly_one_cm":1909244,"minecraft:open_chest":630,"minecraft:fall_one_cm":158915,"minecraft:animals_bred":29,"minecraft:sprint_one_cm":2524029,"minecraft:drop":333,"minecraft:talked_to_villager":5,"minecraft:walk_on_water_one_cm":121353,"minecraft:player_kills":1,"minecraft:crouch_one_cm":60497,"minecraft:mob_kills":368,"minecraft:interact_with_campfire":22,"minecraft:climb_one_cm":18289,"minecraft:walk_one_cm":1935043,"minecraft:walk_under_water_one_cm":56269,"minecraft:boat_one_cm":218854,"minecraft:interact_with_grindstone":5,"minecraft:damage_taken":11990,"minecraft:trigger_trapped_chest":2},"minecraft:mined":{"minecraft:chiseled_red_sandstone":1,"minecraft:jungle_leaves":1,"minecraft:carved_pumpkin":1,"minecraft:obsidian":82,"minecraft:potted_dead_bush":8,"minecraft:granite":2,"minecraft:red_sand":19,"minecraft:smooth_red_sandstone_stairs":1,"minecraft:stone_brick_wall":3,"minecraft:jungle_log":67,"minecraft:bamboo_block":3,"minecraft:nether_wart":11,"minecraft:chiseled_stone_bricks":1,"minecraft:spawner":5,"minecraft:polished_blackstone_bricks":77,"minecraft:magma_block":14,"minecraft:cobbled_deepslate":9,"minecraft:fire":46,"minecraft:barrel":2,"minecraft:pumpkin":4,"minecraft:deepslate_lapis_ore":11,"minecraft:nether_brick_stairs":7,"minecraft:dirt_path":23,"minecraft:tripwire":1,"minecraft:piston_head":3,"minecraft:red_bed":5,"minecraft:smoker":4,"minecraft:crimson_nylium":22,"minecraft:torch":40,"minecraft:melon":23,"minecraft:nether_brick_slab":4,"minecraft:glass":1,"minecraft:sugar_cane":422,"minecraft:bricks":15,"minecraft:birch_sapling":1,"minecraft:chain":2,"minecraft:wheat":97,"minecraft:lilac":3,"minecraft:black_bed":3,"minecraft:stone_brick_stairs":8,"storagedrawers:compacting_drawers_3":1,"minecraft:grass":130,"minecraft:dark_oak_sapling":1,"minecraft:brown_candle":1,"minecraft:smooth_basalt":2,"minecraft:deepslate":1452,"minecraft:mossy_cobblestone":7,"minecraft:dark_oak_log":134,"minecraft:stripped_birch_log":6,"minecraft:nether_bricks":23,"minecraft:dark_oak_fence":3,"minecraft:spruce_fence":2,"minecraft:crimson_roots":4,"minecraft:redstone_ore":1,"minecraft:red_sandstone":2,"minecraft:andesite":11,"minecraft:mossy_stone_brick_stairs":2,"minecraft:potatoes":145,"minecraft:cobblestone_slab":6,"minecraft:vine":3,"minecraft:rail":15,"minecraft:bamboo":31,"minecraft:white_wool":30,"minecraft:smithing_table":1,"minecraft:oak_slab":3,"minecraft:chiseled_nether_bricks":3,"minecraft:soul_sand":7,"quark:dark_oak_chest":1,"storagedrawers:oak_full_drawers_4":4,"minecraft:tall_grass":1,"minecraft:copper_ore":4,"minecraft:smooth_red_sandstone_slab":2,"storagedrawers:birch_full_drawers_4":14,"minecraft:deepslate_gold_ore":22,"minecraft:diorite":15,"minecraft:purple_bed":1,"minecraft:coarse_dirt":13,"minecraft:cobblestone_wall":17,"minecraft:spruce_log":5,"minecraft:birch_leaves":23,"minecraft:zombie_head":1,"minecraft:gravel":10,"minecraft:cobweb":264,"minecraft:stone_bricks":63,"minecraft:fern":6,"minecraft:spruce_planks":16,"minecraft:attached_melon_stem":6,"minecraft:farmland":1,"minecraft:cobblestone_stairs":1,"minecraft:brewing_stand":1,"minecraft:spruce_trapdoor":27,"minecraft:grass_block":163,"minecraft:cracked_polished_blackstone_bricks":45,"minecraft:composter":1,"minecraft:gilded_blackstone":6,"minecraft:smooth_stone":2,"minecraft:glowstone":26,"minecraft:iron_ore":6,"minecraft:dark_oak_stairs":7,"minecraft:iron_bars":7,"minecraft:granite_stairs":1,"minecraft:spruce_slab":14,"minecraft:green_bed":1,"minecraft:deepslate_redstone_ore":48,"minecraft:blackstone":20,"minecraft:orange_terracotta":2,"minecraft:soul_lantern":6,"minecraft:jungle_stairs":1,"minecraft:mossy_cobblestone_wall":1,"minecraft:chest":41,"minecraft:nether_quartz_ore":108,"minecraft:cobblestone":281,"minecraft:grindstone":1,"minecraft:oak_planks":12,"minecraft:iron_door":1,"minecraft:wall_torch":14,"minecraft:warped_nylium":3,"minecraft:dark_oak_slab":5,"minecraft:mossy_stone_brick_wall":1,"minecraft:birch_log":509,"minecraft:birch_trapdoor":11,"minecraft:tnt":9,"minecraft:oak_log":367,"minecraft:sand":182,"minecraft:dirt":173,"minecraft:tripwire_hook":1,"minecraft:dispenser":3,"minecraft:netherrack":1096,"minecraft:oak_leaves":54,"minecraft:nether_gold_ore":1,"minecraft:tuff":116,"minecraft:dark_oak_leaves":2,"minecraft:deepslate_diamond_ore":31,"minecraft:candle":3,"minecraft:lever":2,"minecraft:chiseled_bookshelf":4,"minecraft:brick_stairs":1,"minecraft:soul_campfire":1,"minecraft:birch_slab":12,"minecraft:spruce_leaves":2,"minecraft:cracked_nether_bricks":2,"minecraft:sandstone":1,"minecraft:rooted_dirt":8,"minecraft:large_fern":1,"minecraft:hay_block":50,"minecraft:furnace":5,"minecraft:carrots":29,"minecraft:dark_oak_fence_gate":2,"minecraft:stripped_spruce_log":28,"minecraft:gold_block":12,"minecraft:nether_brick_fence":5,"minecraft:bookshelf":12,"minecraft:deepslate_iron_ore":8,"minecraft:shroomlight":2,"minecraft:lantern":7,"minecraft:stone":305,"minecraft:redstone_wall_torch":1,"minecraft:podzol":35,"minecraft:infested_stone_bricks":3,"minecraft:basalt":17,"minecraft:polished_granite":2,"minecraft:crafting_table":4,"minecraft:polished_blackstone_brick_stairs":1,"minecraft:spruce_stairs":26,"minecraft:black_wool":10,"minecraft:coal_ore":2,"minecraft:cracked_stone_bricks":42,"minecraft:mossy_stone_bricks":16,"minecraft:birch_fence":7},"minecraft:broken":{"minecraft:stone_sword":1,"minecraft:stone_hoe":1,"minecraft:shield":1,"minecraft:iron_pickaxe":4,"minecraft:stone_pickaxe":3,"minecraft:stone_axe":7,"minecraft:stone_shovel":2},"minecraft:killed":{"minecraft:cave_spider":7,"minecraft:skeleton":26,"minecraft:magma_cube":32,"minecraft:pillager":30,"minecraft:zombie":89,"minecraft:cow":5,"minecraft:vindicator":2,"minecraft:husk":3,"minecraft:wandering_trader":1,"minecraft:enderman":9,"minecraft:zombified_piglin":2,"minecraft:spider":21,"minecraft:silverfish":3,"minecraft:illusioner":1,"minecraft:piglin_brute":9,"minecraft:piglin":26,"minecraft:pig":8,"minecraft:zombie_villager":3,"minecraft:creeper":8,"minecraft:trader_llama":2,"minecraft:blaze":21,"minecraft:hoglin":13,"minecraft:wither_skeleton":37},"minecraft:used":{"minecraft:writable_book":1,"minecraft:chest":8,"minecraft:stone":50,"storagedrawers:birch_trim":4,"minecraft:spruce_boat":10,"minecraft:lava_bucket":3,"minecraft:dark_oak_slab":3,"minecraft:bow":221,"minecraft:furnace":2,"minecraft:potato":349,"minecraft:mossy_stone_bricks":3,"minecraft:composter":1,"minecraft:birch_slab":35,"minecraft:diamond_sword":955,"minecraft:oak_boat":2,"minecraft:enchanting_table":1,"minecraft:stone_sword":93,"minecraft:netherrack":486,"minecraft:torch":225,"minecraft:brewing_stand":1,"minecraft:anvil":1,"minecraft:nether_brick_stairs":1,"minecraft:iron_axe":213,"storagedrawers:controller":1,"minecraft:diamond_chestplate":1,"minecraft:basalt":6,"tombstone:gift":5,"minecraft:cobbled_deepslate":140,"minecraft:golden_axe":11,"minecraft:wheat_seeds":142,"minecraft:water_bucket":96,"storagedrawers:compacting_drawers_3":9,"minecraft:polished_blackstone_bricks":66,"minecraft:cracked_stone_bricks":7,"minecraft:rail":4,"minecraft:crafting_table":4,"minecraft:red_bed":2,"minecraft:diamond_pickaxe":3038,"minecraft:diamond_shovel":270,"minecraft:iron_pickaxe":803,"quark:dark_oak_chest":7,"minecraft:cobblestone":157,"minecraft:cooked_porkchop":26,"minecraft:diamond_leggings":1,"storagedrawers:birch_full_drawers_4":110,"minecraft:diamond_hoe":78,"minecraft:shield":48,"minecraft:nether_bricks":20,"minecraft:milk_bucket":4,"minecraft:obsidian":49,"minecraft:glass":56,"minecraft:bricks":9,"minecraft:lantern":2,"minecraft:stone_bricks":17,"minecraft:golden_sword":2,"minecraft:magma_block":4,"minecraft:dark_oak_sapling":20,"minecraft:dark_oak_stairs":48,"minecraft:stone_pickaxe":392,"minecraft:oak_planks":1,"minecraft:diamond_axe":19,"minecraft:sugar_cane":16,"minecraft:black_bed":4,"minecraft:shears":142,"waystones:waystone":2,"minecraft:bread":101,"tombstone:grave_key":1,"minecraft:grindstone":1,"minecraft:flint_and_steel":12,"minecraft:stone_shovel":263,"minecraft:wooden_shovel":23,"minecraft:stone_hoe":175,"minecraft:dirt":321,"minecraft:diamond_helmet":1,"minecraft:spruce_fence":2,"minecraft:bookshelf":30,"minecraft:golden_carrot":4,"minecraft:iron_leggings":1,"minecraft:iron_ore":2,"minecraft:baked_potato":118,"minecraft:green_bed":1,"minecraft:smoker":10,"minecraft:cracked_polished_blackstone_bricks":43,"minecraft:stone_axe":1303,"minecraft:bucket":104,"storagedrawers:drawer_key":121},"minecraft:picked_up":{"minecraft:wooden_axe":1,"minecraft:chainmail_boots":1,"minecraft:flower_pot":10,"minecraft:smithing_table":1,"minecraft:lead":3,"minecraft:enchanted_book":17,"minecraft:brewing_stand":1,"minecraft:soul_soil":1,"minecraft:golden_sword":1,"minecraft:polished_blackstone_brick_stairs":1,"minecraft:music_disc_cat":2,"minecraft:string":248,"minecraft:cooked_salmon":4,"minecraft:pufferfish":1,"minecraft:shroomlight":2,"minecraft:cobbled_deepslate":1000,"minecraft:gold_nugget":29,"minecraft:spruce_planks":26,"minecraft:melon_slice":108,"minecraft:green_bed":1,"minecraft:golden_axe":2,"minecraft:chiseled_nether_bricks":3,"minecraft:bamboo_block":3,"minecraft:stone_sword":1,"minecraft:carved_pumpkin":1,"minecraft:blaze_rod":13,"minecraft:iron_bars":2,"minecraft:birch_log":509,"storagedrawers:oak_full_drawers_4":4,"minecraft:magma_block":14,"minecraft:cooked_beef":12,"minecraft:feather":2,"minecraft:iron_door":1,"minecraft:birch_slab":46,"minecraft:jungle_log":67,"minecraft:smoker":4,"minecraft:flint":2,"minecraft:lantern":13,"minecraft:glowstone_dust":83,"minecraft:moss_block":4,"minecraft:stripped_spruce_log":31,"minecraft:fermented_spider_eye":5,"minecraft:dark_oak_log":141,"minecraft:red_terracotta":9,"minecraft:barrel":1,"minecraft:bundle":5,"minecraft:dispenser":3,"minecraft:lever":2,"minecraft:writable_book":3,"minecraft:granite":4,"minecraft:spruce_button":8,"minecraft:bread":107,"minecraft:rooted_dirt":13,"minecraft:dark_oak_fence":5,"minecraft:crimson_roots":5,"minecraft:crafting_table":4,"minecraft:coarse_dirt":26,"minecraft:nether_wart":26,"minecraft:leather_leggings":1,"quark:dark_oak_chest":1,"minecraft:red_bed":5,"minecraft:iron_shovel":1,"minecraft:cracked_stone_bricks":25,"minecraft:beef":10,"minecraft:jungle_sapling":3,"minecraft:poppy":1,"minecraft:spruce_slab":24,"minecraft:chest":34,"minecraft:birch_sapling":67,"minecraft:diamond_hoe":1,"minecraft:egg":2,"minecraft:sandstone":1,"minecraft:spruce_fence":2,"sophisticatedbackpacks:backpack":1,"minecraft:fire_charge":1,"minecraft:carrot":49,"minecraft:redstone":217,"minecraft:tnt":23,"minecraft:hay_block":19,"minecraft:gold_ingot":36,"minecraft:rail":20,"minecraft:white_wool":14,"minecraft:smooth_red_sandstone_stairs":2,"minecraft:birch_leaves":19,"minecraft:tripwire_hook":1,"minecraft:red_mushroom":12,"minecraft:oak_log":355,"minecraft:golden_boots":1,"minecraft:paper":19,"minecraft:white_banner":5,"sophisticatedbackpacks:upgrade_base":1,"minecraft:stone_bricks":38,"minecraft:apple":69,"minecraft:kelp":55,"minecraft:wild_armor_trim_smithing_template":2,"minecraft:glass_bottle":5,"minecraft:iron_sword":1,"minecraft:dark_oak_stairs":9,"minecraft:polished_andesite_stairs":1,"minecraft:dark_oak_slab":3,"minecraft:cracked_nether_bricks":1,"minecraft:spyglass":2,"minecraft:gravel":46,"minecraft:spruce_sapling":7,"minecraft:spruce_log":143,"minecraft:leather_helmet":1,"minecraft:purple_bed":1,"minecraft:stone_axe":2,"minecraft:diamond_axe":1,"minecraft:warped_roots":2,"minecraft:oak_button":1,"minecraft:baked_potato":37,"minecraft:melon_seeds":11,"minecraft:warped_nylium":4,"minecraft:crimson_nylium":3,"minecraft:ender_pearl":5,"minecraft:wheat":97,"storagedrawers:birch_trim":4,"minecraft:nether_brick_fence":2,"minecraft:potion":3,"minecraft:gilded_blackstone":5,"minecraft:stone_brick_stairs":6,"minecraft:crimson_planks":19,"minecraft:sticky_piston":3,"minecraft:zombie_head":1,"minecraft:smooth_red_sandstone_slab":8,"minecraft:red_sand":19,"minecraft:smooth_stone":2,"minecraft:bucket":2,"minecraft:redstone_torch":1,"minecraft:iron_pickaxe":1,"minecraft:furnace":3,"minecraft:tipped_arrow":23,"minecraft:stick":148,"minecraft:birch_trapdoor":12,"minecraft:torch":150,"minecraft:spruce_stairs":36,"minecraft:porkchop":44,"tombstone:grave_dust":25,"minecraft:diorite":7,"quark:ancient_tome":1,"minecraft:rotten_flesh":172,"minecraft:obsidian":64,"minecraft:blaze_powder":2,"minecraft:cobblestone":172,"minecraft:enchanting_table":1,"minecraft:magma_cream":1,"minecraft:black_bed":4,"minecraft:potato":520,"minecraft:tuff":69,"minecraft:dirt":403,"minecraft:lapis_lazuli":95,"minecraft:stripped_birch_log":3,"minecraft:name_tag":2,"minecraft:glass":18,"minecraft:bone":57,"minecraft:bow":2,"minecraft:wheat_seeds":169,"minecraft:raw_gold":22,"minecraft:grindstone":1,"tombstone:scroll_of_reach":1,"minecraft:mossy_stone_bricks":12,"minecraft:bamboo":283,"minecraft:powered_rail":3,"minecraft:mossy_stone_brick_stairs":1,"minecraft:oak_planks":29,"minecraft:stone_hoe":1,"minecraft:ghast_tear":1,"minecraft:cooked_porkchop":42,"minecraft:music_disc_13":1,"minecraft:poisonous_potato":5,"minecraft:sand":336,"minecraft:nether_brick_stairs":6,"minecraft:dead_bush":7,"minecraft:mossy_cobblestone":5,"minecraft:soul_lantern":6,"minecraft:diamond":44,"minecraft:spruce_boat":5,"waystones:waystone":1,"minecraft:cracked_polished_blackstone_bricks":43,"minecraft:crossbow":1,"minecraft:golden_apple":1,"minecraft:emerald":19,"minecraft:chiseled_red_sandstone":1,"minecraft:oak_sapling":187,"minecraft:netherrack":375,"minecraft:oak_leaves":3,"minecraft:brown_mushroom":9,"minecraft:stone_brick_wall":3,"minecraft:gold_block":12,"minecraft:chain":2,"minecraft:shield":1,"minecraft:moss_carpet":7,"minecraft:iron_axe":1,"minecraft:item_frame":2,"minecraft:birch_fence":7,"minecraft:blackstone":16,"minecraft:candle":2,"minecraft:mossy_cobblestone_wall":1,"minecraft:sugar_cane":332,"minecraft:spruce_trapdoor":49,"minecraft:dark_oak_sapling":25,"minecraft:raw_iron":10,"minecraft:bowl":10,"minecraft:polished_blackstone_bricks":73,"minecraft:stone_button":2,"minecraft:weeping_vines":1,"minecraft:arrow":164,"minecraft:jungle_stairs":1,"minecraft:nether_bricks":22,"minecraft:air":0,"minecraft:basalt":16,"minecraft:crimson_stem":24,"minecraft:leather":9,"minecraft:chainmail_chestplate":1,"minecraft:gunpowder":22,"minecraft:nether_wart_block":8,"minecraft:cobblestone_wall":2,"minecraft:orange_terracotta":1,"minecraft:red_sandstone":2,"minecraft:rabbit_hide":6,"minecraft:iron_ingot":4,"minecraft:mossy_stone_brick_wall":1,"minecraft:soul_sand":7,"storagedrawers:birch_full_drawers_4":179,"minecraft:book":86,"minecraft:oak_slab":2,"minecraft:pumpkin":4,"minecraft:chiseled_stone_bricks":1,"minecraft:quartz":87,"minecraft:dandelion":5,"minecraft:nether_brick_slab":2,"minecraft:dark_oak_fence_gate":4,"minecraft:spider_eye":9,"minecraft:chainmail_leggings":2,"minecraft:terracotta":16,"tombstone:magic_scroll":2,"minecraft:black_wool":9,"minecraft:coal":28}},"DataVersion":3465}