{"stats":{"minecraft:dropped":{"minecraft:nether_brick_stairs":5,"sophisticatedbackpacks:upgrade_base":1,"minecraft:crimson_stem":21,"minecraft:candle":5,"minecraft:porkchop":1,"minecraft:dark_oak_stairs":3,"minecraft:diamond_axe":1,"minecraft:oak_log":48,"minecraft:red_sandstone":2,"minecraft:crossbow":2,"minecraft:dark_oak_slab":12,"minecraft:weeping_vines":1,"minecraft:lantern":1,"minecraft:rooted_dirt":13,"minecraft:leather":3,"minecraft:mossy_stone_brick_stairs":1,"minecraft:cracked_stone_bricks":5,"minecraft:saddle":1,"minecraft:mossy_cobblestone_wall":1,"minecraft:rail":2,"minecraft:birch_slab":44,"minecraft:leather_helmet":1,"minecraft:music_disc_13":2,"minecraft:dirt":14,"minecraft:red_bed":3,"minecraft:stone_button":2,"minecraft:dark_oak_fence":5,"minecraft:polished_blackstone_brick_stairs":1,"minecraft:crimson_roots":4,"minecraft:writable_book":2,"minecraft:sand":64,"minecraft:smooth_red_sandstone_slab":8,"minecraft:birch_log":53,"minecraft:bone":1,"minecraft:white_tulip":1,"minecraft:stone_axe":4,"minecraft:spyglass":2,"minecraft:lever":2,"minecraft:cobbled_deepslate":262,"storagedrawers:spruce_full_drawers_4":4,"minecraft:birch_sapling":1,"minecraft:wheat":28,"minecraft:rotten_flesh":67,"minecraft:oak_planks":10,"minecraft:nether_brick_fence":2,"minecraft:salmon":2,"minecraft:chainmail_chestplate":3,"minecraft:chiseled_stone_bricks":1,"minecraft:tipped_arrow":23,"minecraft:birch_trapdoor":12,"minecraft:jungle_stairs":1,"minecraft:leather_boots":1,"minecraft:leather_leggings":2,"minecraft:spruce_slab":24,"minecraft:powered_rail":3,"minecraft:glass":163,"minecraft:smooth_red_sandstone_stairs":2,"minecraft:cracked_nether_bricks":1,"minecraft:stone_brick_stairs":6,"minecraft:oak_leaves":3,"minecraft:netherrack":8,"minecraft:egg":8,"minecraft:crimson_planks":19,"minecraft:water_bucket":1,"minecraft:stone_hoe":6,"minecraft:golden_boots":1,"minecraft:bread":9,"minecraft:oak_slab":1,"minecraft:birch_leaves":19,"minecraft:wheat_seeds":126,"storagedrawers:dark_oak_full_drawers_4":4,"minecraft:mossy_cobblestone":8,"minecraft:poisonous_potato":6,"minecraft:feather":1,"minecraft:golden_axe":2,"minecraft:cobblestone":7,"minecraft:book":48,"minecraft:spruce_button":9,"minecraft:spruce_door":1,"minecraft:spruce_stairs":17,"minecraft:bamboo_block":3,"minecraft:pufferfish":1,"minecraft:diorite":7,"minecraft:torch":23,"minecraft:nether_wart_block":1,"minecraft:cooked_salmon":8,"minecraft:stripped_birch_log":3,"minecraft:iron_leggings":1,"minecraft:dead_bush":10,"minecraft:polished_andesite_stairs":1,"minecraft:smooth_stone":2,"sophisticatedbackpacks:crafting_upgrade":2,"minecraft:iron_shovel":1,"minecraft:string":3,"minecraft:bucket":2,"minecraft:tripwire_hook":2,"minecraft:music_disc_cat":1,"minecraft:spruce_sapling":7,"storagedrawers:birch_full_drawers_4":48,"minecraft:dandelion":7,"minecraft:redstone":1,"minecraft:furnace":3,"minecraft:nether_brick_slab":2,"sophisticatedbackpacks:feeding_upgrade":2,"minecraft:oak_trapdoor":2,"minecraft:stone_sword":2,"minecraft:coarse_dirt":26,"minecraft:blaze_rod":3,"minecraft:cobblestone_wall":22,"minecraft:sticky_piston":3,"minecraft:chiseled_red_sandstone":1,"minecraft:diamond_hoe":1,"minecraft:composter":2,"minecraft:stone_shovel":2,"minecraft:nether_bricks":2,"minecraft:red_terracotta":9,"minecraft:cobblestone_slab":6,"minecraft:potato":158,"minecraft:flower_pot":14,"minecraft:oak_button":1,"minecraft:orange_terracotta":1,"minecraft:spruce_trapdoor":3,"minecraft:bundle":6,"minecraft:purple_bed":1,"minecraft:mossy_stone_bricks":4,"minecraft:golden_leggings":1,"minecraft:oak_sapling":174,"minecraft:wooden_shovel":8,"minecraft:golden_sword":1,"minecraft:redstone_torch":1,"minecraft:spider_eye":1,"minecraft:barrel":1,"minecraft:stone_bricks":13,"minecraft:sandstone":1,"minecraft:red_sand":19,"minecraft:bow":2,"storagedrawers:oak_full_drawers_4":4,"minecraft:stone_pickaxe":1,"minecraft:terracotta":16},"minecraft:broken":{"minecraft:stone_pickaxe":3,"minecraft:stone_axe":7,"minecraft:stone_shovel":2,"minecraft:stone_sword":1,"minecraft:stone_hoe":1,"minecraft:shield":1,"minecraft:iron_pickaxe":3},"minecraft:crafted":{"minecraft:oak_planks":32,"sophisticatedbackpacks:magnet_upgrade":1,"minecraft:birch_slab":14,"minecraft:diamond_shovel":1,"sophisticatedbackpacks:crafting_upgrade":1,"quark:deepslate_furnace":8,"minecraft:bookshelf":30,"minecraft:glass":114,"minecraft:bow":2,"minecraft:diamond_helmet":1,"minecraft:diamond_leggings":1,"minecraft:smoker":6,"minecraft:cooked_porkchop":12,"minecraft:crafting_table":2,"minecraft:spruce_planks":28,"minecraft:baked_potato":512,"sophisticatedbackpacks:advanced_feeding_upgrade":1,"sophisticatedbackpacks:feeding_upgrade":2,"minecraft:birch_planks":142,"sophisticatedbackpacks:upgrade_base":5,"minecraft:dark_oak_slab":12,"minecraft:charcoal":10,"minecraft:diamond_pickaxe":1,"minecraft:shield":1,"minecraft:stick":10,"minecraft:iron_pickaxe":2,"minecraft:stone_sword":2,"minecraft:black_bed":1,"minecraft:stone_shovel":2,"minecraft:diamond_hoe":1,"minecraft:furnace":2,"minecraft:stone_pickaxe":2,"minecraft:diamond_boots":1,"minecraft:spruce_boat":1,"minecraft:redstone_block":25,"minecraft:dark_oak_planks":28,"minecraft:wheat":1,"minecraft:glistering_melon_slice":8,"sophisticatedbackpacks:iron_backpack":1,"minecraft:crimson_planks":24,"minecraft:diamond_sword":1,"minecraft:dark_oak_stairs":16,"sophisticatedbackpacks:gold_backpack":2,"minecraft:stone_axe":14,"minecraft:bread":3,"minecraft:air":864,"minecraft:oak_boat":2,"sophisticatedbackpacks:pickup_upgrade":1,"minecraft:white_dye":2,"minecraft:diamond_chestplate":1},"minecraft:picked_up":{"minecraft:wheat":97,"storagedrawers:birch_trim":4,"minecraft:chainmail_boots":1,"minecraft:nether_brick_fence":2,"minecraft:flower_pot":10,"minecraft:smithing_table":1,"minecraft:lead":2,"minecraft:enchanted_book":17,"minecraft:gilded_blackstone":5,"minecraft:stone_brick_stairs":6,"minecraft:crimson_planks":19,"minecraft:brewing_stand":1,"minecraft:golden_sword":1,"minecraft:music_disc_cat":1,"minecraft:polished_blackstone_brick_stairs":1,"minecraft:string":248,"minecraft:soul_soil":1,"minecraft:cooked_salmon":4,"minecraft:sticky_piston":3,"minecraft:pufferfish":1,"minecraft:zombie_head":1,"minecraft:shroomlight":2,"minecraft:smooth_red_sandstone_slab":8,"minecraft:smooth_stone":2,"minecraft:red_sand":19,"minecraft:gold_nugget":29,"minecraft:cobbled_deepslate":1000,"minecraft:spruce_planks":26,"minecraft:bucket":2,"minecraft:redstone_torch":1,"minecraft:iron_pickaxe":1,"minecraft:melon_slice":108,"minecraft:furnace":3,"minecraft:tipped_arrow":23,"minecraft:stick":141,"minecraft:birch_trapdoor":12,"minecraft:green_bed":1,"minecraft:torch":150,"minecraft:spruce_stairs":36,"minecraft:porkchop":44,"minecraft:golden_axe":2,"tombstone:grave_dust":25,"minecraft:diorite":7,"minecraft:chiseled_nether_bricks":3,"quark:ancient_tome":1,"minecraft:bamboo_block":3,"minecraft:stone_sword":1,"minecraft:rotten_flesh":172,"minecraft:carved_pumpkin":1,"minecraft:blaze_rod":13,"minecraft:obsidian":64,"minecraft:iron_bars":2,"minecraft:blaze_powder":2,"minecraft:cobblestone":68,"minecraft:birch_log":509,"minecraft:enchanting_table":1,"storagedrawers:oak_full_drawers_4":4,"minecraft:magma_block":14,"minecraft:feather":2,"minecraft:magma_cream":1,"minecraft:iron_door":1,"minecraft:birch_slab":46,"minecraft:jungle_log":67,"minecraft:black_bed":4,"minecraft:smoker":4,"minecraft:potato":516,"minecraft:flint":2,"minecraft:tuff":69,"minecraft:dirt":403,"minecraft:lapis_lazuli":95,"minecraft:stripped_birch_log":3,"minecraft:lantern":13,"minecraft:glass":18,"minecraft:bone":57,"minecraft:bow":2,"minecraft:wheat_seeds":169,"minecraft:raw_gold":22,"minecraft:grindstone":1,"tombstone:scroll_of_reach":1,"minecraft:powered_rail":3,"minecraft:mossy_stone_bricks":12,"minecraft:bamboo":283,"minecraft:glowstone_dust":83,"minecraft:oak_planks":11,"minecraft:moss_block":4,"minecraft:stone_hoe":1,"minecraft:mossy_stone_brick_stairs":1,"minecraft:ghast_tear":1,"minecraft:music_disc_13":1,"minecraft:cooked_porkchop":42,"minecraft:poisonous_potato":5,"minecraft:sand":336,"minecraft:stripped_spruce_log":31,"minecraft:nether_brick_stairs":6,"minecraft:dead_bush":7,"minecraft:dark_oak_log":141,"minecraft:red_terracotta":9,"minecraft:barrel":1,"minecraft:mossy_cobblestone":5,"minecraft:bundle":5,"minecraft:dispenser":3,"minecraft:diamond":44,"minecraft:spruce_boat":4,"minecraft:lever":2,"minecraft:soul_lantern":6,"waystones:waystone":1,"minecraft:writable_book":3,"minecraft:cracked_polished_blackstone_bricks":43,"minecraft:crossbow":1,"minecraft:golden_apple":1,"minecraft:spruce_button":8,"minecraft:emerald":19,"minecraft:bread":107,"minecraft:rooted_dirt":13,"minecraft:chiseled_red_sandstone":1,"minecraft:oak_sapling":187,"minecraft:netherrack":375,"minecraft:dark_oak_fence":5,"minecraft:oak_leaves":3,"minecraft:crimson_roots":5,"minecraft:crafting_table":4,"minecraft:coarse_dirt":26,"minecraft:nether_wart":26,"minecraft:leather_leggings":1,"minecraft:stone_brick_wall":3,"minecraft:gold_block":12,"minecraft:chain":2,"quark:dark_oak_chest":1,"minecraft:shield":1,"minecraft:red_bed":5,"minecraft:moss_carpet":7,"minecraft:iron_axe":1,"minecraft:item_frame":2,"minecraft:birch_fence":7,"minecraft:blackstone":16,"minecraft:cracked_stone_bricks":6,"minecraft:candle":2,"minecraft:mossy_cobblestone_wall":1,"minecraft:beef":10,"minecraft:jungle_sapling":3,"minecraft:poppy":1,"minecraft:spruce_slab":24,"minecraft:sugar_cane":330,"minecraft:chest":34,"minecraft:birch_sapling":67,"minecraft:spruce_trapdoor":49,"minecraft:diamond_hoe":1,"minecraft:egg":2,"minecraft:dark_oak_sapling":25,"minecraft:raw_iron":10,"minecraft:sandstone":1,"sophisticatedbackpacks:backpack":1,"minecraft:spruce_fence":2,"minecraft:fire_charge":1,"minecraft:polished_blackstone_bricks":73,"minecraft:stone_button":2,"minecraft:carrot":49,"minecraft:redstone":217,"minecraft:tnt":22,"minecraft:arrow":164,"minecraft:weeping_vines":1,"minecraft:jungle_stairs":1,"minecraft:nether_bricks":22,"minecraft:hay_block":19,"minecraft:gold_ingot":25,"minecraft:white_wool":14,"minecraft:rail":20,"minecraft:smooth_red_sandstone_stairs":2,"minecraft:birch_leaves":19,"minecraft:air":0,"minecraft:basalt":16,"minecraft:tripwire_hook":1,"minecraft:crimson_stem":24,"minecraft:leather":9,"minecraft:red_mushroom":12,"minecraft:oak_log":355,"minecraft:chainmail_chestplate":1,"minecraft:golden_boots":1,"minecraft:cobblestone_wall":2,"minecraft:nether_wart_block":8,"minecraft:gunpowder":22,"minecraft:paper":19,"minecraft:white_banner":5,"minecraft:orange_terracotta":1,"sophisticatedbackpacks:upgrade_base":1,"minecraft:apple":62,"minecraft:stone_bricks":38,"minecraft:kelp":55,"minecraft:red_sandstone":2,"minecraft:iron_ingot":4,"minecraft:mossy_stone_brick_wall":1,"minecraft:iron_sword":1,"storagedrawers:birch_full_drawers_4":179,"minecraft:soul_sand":7,"minecraft:dark_oak_stairs":9,"minecraft:book":86,"minecraft:oak_slab":2,"minecraft:polished_andesite_stairs":1,"minecraft:dark_oak_slab":3,"minecraft:pumpkin":4,"minecraft:chiseled_stone_bricks":1,"minecraft:dandelion":5,"minecraft:quartz":87,"minecraft:cracked_nether_bricks":1,"minecraft:spyglass":2,"minecraft:gravel":46,"minecraft:spruce_sapling":7,"minecraft:spruce_log":143,"minecraft:nether_brick_slab":2,"minecraft:dark_oak_fence_gate":4,"minecraft:spider_eye":9,"minecraft:leather_helmet":1,"minecraft:purple_bed":1,"minecraft:stone_axe":2,"minecraft:diamond_axe":1,"minecraft:baked_potato":37,"tombstone:magic_scroll":2,"minecraft:warped_roots":2,"minecraft:oak_button":1,"minecraft:terracotta":16,"minecraft:melon_seeds":11,"minecraft:black_wool":9,"minecraft:warped_nylium":4,"minecraft:crimson_nylium":3,"minecraft:coal":28,"minecraft:ender_pearl":5},"minecraft:killed_by":{"minecraft:wither_skeleton":2,"minecraft:piglin_brute":2,"minecraft:vindicator":1,"minecraft:player":1,"minecraft:hoglin":2},"minecraft:killed":{"minecraft:cave_spider":1,"minecraft:zombified_piglin":1,"minecraft:spider":17,"minecraft:skeleton":23,"minecraft:silverfish":3,"minecraft:illusioner":1,"minecraft:piglin_brute":9,"minecraft:magma_cube":32,"minecraft:piglin":26,"minecraft:pig":8,"minecraft:zombie_villager":2,"minecraft:creeper":7,"minecraft:trader_llama":2,"minecraft:pillager":25,"minecraft:zombie":66,"minecraft:blaze":21,"minecraft:cow":5,"minecraft:vindicator":2,"minecraft:husk":3,"minecraft:wandering_trader":1,"minecraft:hoglin":11,"minecraft:wither_skeleton":37,"minecraft:enderman":9},"minecraft:used":{"minecraft:writable_book":1,"storagedrawers:birch_full_drawers_4":110,"minecraft:diamond_hoe":75,"minecraft:chest":6,"minecraft:shield":45,"storagedrawers:birch_trim":4,"minecraft:nether_bricks":20,"minecraft:milk_bucket":2,"minecraft:spruce_boat":10,"minecraft:glass":56,"minecraft:lava_bucket":3,"minecraft:lantern":2,"minecraft:dark_oak_slab":3,"minecraft:stone_bricks":5,"minecraft:golden_sword":2,"minecraft:magma_block":4,"minecraft:bow":216,"minecraft:furnace":2,"minecraft:potato":274,"minecraft:dark_oak_sapling":20,"minecraft:dark_oak_stairs":48,"minecraft:oak_planks":1,"minecraft:stone_pickaxe":392,"minecraft:composter":1,"minecraft:diamond_axe":10,"minecraft:sugar_cane":16,"minecraft:black_bed":4,"minecraft:shears":37,"waystones:waystone":1,"minecraft:birch_slab":35,"minecraft:bread":86,"tombstone:grave_key":1,"minecraft:diamond_sword":767,"minecraft:grindstone":1,"minecraft:oak_boat":2,"minecraft:enchanting_table":1,"minecraft:stone_sword":93,"minecraft:flint_and_steel":5,"minecraft:stone_shovel":263,"minecraft:wooden_shovel":23,"minecraft:stone_hoe":175,"minecraft:netherrack":368,"minecraft:torch":161,"minecraft:brewing_stand":1,"minecraft:dirt":319,"minecraft:anvil":1,"minecraft:diamond_helmet":1,"minecraft:spruce_fence":2,"minecraft:nether_brick_stairs":1,"minecraft:bookshelf":30,"minecraft:iron_axe":213,"minecraft:basalt":6,"minecraft:diamond_chestplate":1,"minecraft:golden_carrot":4,"tombstone:gift":5,"minecraft:golden_axe":11,"minecraft:cobbled_deepslate":66,"minecraft:iron_leggings":1,"minecraft:wheat_seeds":68,"minecraft:water_bucket":90,"minecraft:baked_potato":87,"minecraft:green_bed":1,"minecraft:polished_blackstone_bricks":66,"minecraft:rail":4,"minecraft:crafting_table":4,"minecraft:red_bed":2,"minecraft:smoker":10,"minecraft:diamond_pickaxe":1878,"minecraft:diamond_shovel":219,"minecraft:cracked_polished_blackstone_bricks":43,"minecraft:iron_pickaxe":549,"minecraft:stone_axe":1303,"quark:dark_oak_chest":7,"minecraft:cobblestone":21,"minecraft:cooked_porkchop":26,"minecraft:bucket":98,"minecraft:diamond_leggings":1},"minecraft:mined":{"minecraft:farmland":1,"minecraft:spruce_planks":16,"minecraft:attached_melon_stem":6,"minecraft:chiseled_red_sandstone":1,"minecraft:obsidian":65,"minecraft:jungle_leaves":1,"minecraft:spruce_trapdoor":27,"minecraft:potted_dead_bush":8,"minecraft:brewing_stand":1,"minecraft:carved_pumpkin":1,"minecraft:stone_brick_wall":3,"minecraft:red_sand":19,"minecraft:smooth_red_sandstone_stairs":1,"minecraft:grass_block":161,"minecraft:jungle_log":67,"minecraft:cracked_polished_blackstone_bricks":45,"minecraft:composter":1,"minecraft:bamboo_block":3,"minecraft:nether_wart":11,"minecraft:chiseled_stone_bricks":1,"minecraft:gilded_blackstone":6,"minecraft:spawner":4,"minecraft:smooth_stone":2,"minecraft:polished_blackstone_bricks":77,"minecraft:magma_block":14,"minecraft:glowstone":26,"minecraft:iron_ore":4,"minecraft:barrel":2,"minecraft:fire":46,"minecraft:cobbled_deepslate":8,"minecraft:pumpkin":4,"minecraft:deepslate_lapis_ore":11,"minecraft:nether_brick_stairs":7,"minecraft:dark_oak_stairs":7,"minecraft:dirt_path":23,"minecraft:iron_bars":3,"minecraft:green_bed":1,"minecraft:spruce_slab":14,"minecraft:tripwire":1,"minecraft:piston_head":3,"minecraft:deepslate_redstone_ore":48,"minecraft:red_bed":5,"minecraft:blackstone":20,"minecraft:crimson_nylium":19,"minecraft:smoker":4,"minecraft:orange_terracotta":2,"minecraft:soul_lantern":6,"minecraft:torch":39,"minecraft:jungle_stairs":1,"minecraft:mossy_cobblestone_wall":1,"minecraft:melon":23,"minecraft:chest":34,"minecraft:nether_brick_slab":4,"minecraft:nether_quartz_ore":78,"minecraft:cobblestone":30,"minecraft:oak_planks":12,"minecraft:sugar_cane":257,"minecraft:grindstone":1,"minecraft:iron_door":1,"minecraft:wall_torch":13,"minecraft:birch_sapling":1,"minecraft:chain":2,"minecraft:warped_nylium":3,"minecraft:dark_oak_slab":5,"minecraft:mossy_stone_brick_wall":1,"minecraft:birch_log":509,"minecraft:wheat":17,"minecraft:birch_trapdoor":11,"minecraft:lilac":3,"minecraft:tnt":9,"minecraft:black_bed":3,"minecraft:stone_brick_stairs":7,"minecraft:grass":129,"minecraft:oak_log":367,"minecraft:dirt":171,"minecraft:dark_oak_sapling":1,"minecraft:sand":134,"minecraft:smooth_basalt":2,"minecraft:brown_candle":1,"minecraft:dispenser":3,"minecraft:tripwire_hook":1,"minecraft:netherrack":371,"minecraft:deepslate":1452,"minecraft:oak_leaves":53,"minecraft:nether_gold_ore":1,"minecraft:tuff":116,"minecraft:mossy_cobblestone":7,"minecraft:deepslate_diamond_ore":31,"minecraft:candle":3,"minecraft:stripped_birch_log":6,"minecraft:dark_oak_log":134,"minecraft:nether_bricks":23,"minecraft:chiseled_bookshelf":4,"minecraft:lever":2,"minecraft:dark_oak_fence":3,"minecraft:spruce_fence":2,"minecraft:crimson_roots":3,"minecraft:soul_campfire":1,"minecraft:spruce_leaves":2,"minecraft:birch_slab":12,"minecraft:rooted_dirt":8,"minecraft:sandstone":1,"minecraft:cracked_nether_bricks":2,"minecraft:large_fern":1,"minecraft:hay_block":50,"minecraft:redstone_ore":1,"minecraft:furnace":5,"minecraft:carrots":29,"minecraft:red_sandstone":2,"minecraft:dark_oak_fence_gate":2,"minecraft:stripped_spruce_log":28,"minecraft:cobblestone_slab":6,"minecraft:gold_block":12,"minecraft:mossy_stone_brick_stairs":2,"minecraft:nether_brick_fence":5,"minecraft:bookshelf":12,"minecraft:potatoes":65,"minecraft:shroomlight":2,"minecraft:deepslate_iron_ore":8,"minecraft:vine":3,"minecraft:rail":15,"minecraft:lantern":7,"minecraft:bamboo":31,"minecraft:stone":22,"minecraft:redstone_wall_torch":1,"minecraft:white_wool":8,"minecraft:podzol":35,"minecraft:smithing_table":1,"minecraft:oak_slab":3,"minecraft:chiseled_nether_bricks":3,"minecraft:soul_sand":7,"minecraft:infested_stone_bricks":3,"quark:dark_oak_chest":1,"minecraft:basalt":17,"storagedrawers:oak_full_drawers_4":4,"minecraft:crafting_table":4,"minecraft:tall_grass":1,"minecraft:smooth_red_sandstone_slab":2,"storagedrawers:birch_full_drawers_4":14,"minecraft:deepslate_gold_ore":22,"minecraft:polished_blackstone_brick_stairs":1,"minecraft:diorite":13,"minecraft:spruce_stairs":26,"minecraft:purple_bed":1,"minecraft:coarse_dirt":13,"minecraft:cobblestone_wall":17,"minecraft:spruce_log":5,"minecraft:birch_leaves":23,"minecraft:black_wool":10,"minecraft:zombie_head":1,"minecraft:gravel":10,"minecraft:cobweb":138,"minecraft:cracked_stone_bricks":9,"minecraft:stone_bricks":45,"minecraft:mossy_stone_bricks":16,"minecraft:birch_fence":7,"minecraft:fern":6},"minecraft:custom":{"minecraft:animals_bred":29,"minecraft:interact_with_crafting_table":52,"minecraft:open_barrel":194,"minecraft:leave_game":2,"minecraft:time_since_death":396291,"minecraft:sprint_one_cm":2232462,"minecraft:damage_blocked_by_shield":3345,"minecraft:drop":294,"minecraft:talked_to_villager":5,"minecraft:play_time":789065,"minecraft:deaths":9,"minecraft:jump":8914,"minecraft:walk_on_water_one_cm":111208,"minecraft:enchant_item":1,"minecraft:interact_with_furnace":67,"minecraft:sleep_in_bed":24,"minecraft:waystone_activated":1,"minecraft:damage_dealt":44187,"minecraft:player_kills":1,"minecraft:crouch_one_cm":53347,"tombstone:undead_killed":132,"minecraft:interact_with_smoker":32,"minecraft:inspect_dispenser":2,"minecraft:interact_with_smithing_table":1,"minecraft:interact_with_anvil":9,"minecraft:mob_kills":320,"minecraft:interact_with_campfire":22,"minecraft:climb_one_cm":18257,"minecraft:walk_one_cm":1670010,"minecraft:sneak_time":19861,"minecraft:walk_under_water_one_cm":54157,"minecraft:boat_one_cm":218854,"minecraft:total_world_time":789065,"minecraft:interact_with_grindstone":4,"minecraft:time_since_rest":17957,"minecraft:damage_taken":10368,"minecraft:trigger_trapped_chest":2,"minecraft:swim_one_cm":260820,"minecraft:fly_one_cm":1652163,"minecraft:open_chest":524,"minecraft:fall_one_cm":141134}},"DataVersion":3465}