{"stats":{"minecraft:used":{"tombstone:gift":7,"minecraft:white_concrete":1},"minecraft:custom":{"minecraft:jump":5,"minecraft:time_since_rest":99301,"minecraft:crouch_one_cm":73,"minecraft:leave_game":1,"minecraft:time_since_death":99407,"minecraft:play_time":116577,"minecraft:walk_one_cm":2333,"minecraft:walk_on_water_one_cm":4787,"minecraft:deaths":1,"minecraft:sneak_time":838,"minecraft:total_world_time":116577,"minecraft:walk_under_water_one_cm":79171,"minecraft:fly_one_cm":6785007},"minecraft:picked_up":{"minecraft:sand":2},"minecraft:mined":{"minecraft:sand":2}},"DataVersion":3465}