{"stats":{"minecraft:crafted":{"quark:birch_chest":8,"minecraft:blaze_powder":9,"minecraft:diamond_shovel":1,"tombstone:ankh_of_prayer":1,"storagedrawers:birch_trim":4,"minecraft:glass":175,"minecraft:diamond_helmet":1,"minecraft:diamond_leggings":1,"storagedrawers:oak_full_drawers_4":1,"minecraft:magenta_dye":1,"minecraft:emerald":2,"minecraft:cooked_porkchop":12,"minecraft:diamond_axe":1,"minecraft:chiseled_deepslate":12,"quark:oak_chest":3,"storagedrawers:birch_full_drawers_4":32,"minecraft:iron_pickaxe":1,"minecraft:gold_ingot":7,"minecraft:composter":2,"minecraft:stone_shovel":2,"minecraft:diamond_hoe":1,"storagedrawers:spruce_full_drawers_4":1,"minecraft:bone_meal":32,"chunkloaders:basic_chunk_loader":1,"minecraft:stone_pickaxe":10,"minecraft:diamond_boots":1,"minecraft:spruce_boat":1,"minecraft:redstone_block":24,"minecraft:dark_oak_planks":2,"minecraft:wheat":7,"sophisticatedbackpacks:gold_backpack":1,"minecraft:glowstone":32,"minecraft:oak_fence_gate":1,"minecraft:wooden_axe":2,"minecraft:oak_planks":59,"minecraft:hopper":1,"minecraft:chest":145,"minecraft:oak_button":1,"minecraft:stone_hoe":1,"sophisticatedbackpacks:backpack":2,"minecraft:crafting_table":1,"minecraft:spruce_planks":16,"minecraft:wooden_pickaxe":1,"minecraft:baked_potato":64,"tombstone:decorative_grave_simple":1,"minecraft:gold_block":11,"minecraft:birch_planks":241,"sophisticatedbackpacks:upgrade_base":2,"minecraft:paper":46,"minecraft:diamond_pickaxe":1,"minecraft:purple_dye":1,"minecraft:shield":2,"sophisticatedbackpacks:diamond_backpack":1,"minecraft:stick":2,"minecraft:iron_ingot":8,"minecraft:stone_sword":3,"storagedrawers:dark_oak_full_drawers_4":1,"sophisticatedbackpacks:tool_swapper_upgrade":1,"minecraft:furnace":2,"waystones:bound_scroll":3,"minecraft:flint_and_steel":1,"sophisticatedbackpacks:iron_backpack":1,"minecraft:cooked_beef":196,"minecraft:red_dye":10,"minecraft:crimson_planks":6,"minecraft:diamond_sword":1,"minecraft:bucket":3,"minecraft:stone_axe":4,"minecraft:air":2098,"minecraft:torch":21,"minecraft:diamond_chestplate":1},"minecraft:picked_up":{"minecraft:flower_pot":1,"minecraft:anvil":2,"minecraft:smithing_table":1,"minecraft:diamond_sword":2,"artifacts:chorus_totem":1,"minecraft:enchanted_book":11,"minecraft:brewing_stand":3,"minecraft:golden_sword":2,"minecraft:music_disc_cat":1,"minecraft:polished_blackstone_brick_stairs":1,"minecraft:string":99,"minecraft:soul_soil":1,"minecraft:shroomlight":9,"minecraft:gold_nugget":16,"minecraft:cobbled_deepslate":2843,"minecraft:spruce_planks":14,"storagedrawers:dark_oak_full_drawers_4":4,"minecraft:composter":4,"minecraft:purpur_pillar":6,"quark:blossom_log":44,"minecraft:golden_axe":2,"minecraft:stone_sword":2,"quark:clear_shard":34,"minecraft:red_tulip":15,"minecraft:blue_dye":2,"minecraft:end_rod":42,"minecraft:blaze_rod":5,"minecraft:iron_bars":3,"minecraft:birch_log":772,"minecraft:magma_block":1,"minecraft:birch_slab":103,"minecraft:iron_door":1,"minecraft:water_bucket":1,"minecraft:smoker":2,"minecraft:flint":8,"minecraft:map":1,"minecraft:lantern":27,"minecraft:brown_candle":4,"minecraft:twisting_vines":4,"minecraft:diamond_helmet":2,"minecraft:glowstone_dust":109,"minecraft:warped_wart_block":50,"minecraft:stripped_spruce_log":74,"sophisticatedbackpacks:iron_backpack":3,"minecraft:fermented_spider_eye":2,"minecraft:dark_oak_log":128,"minecraft:barrel":4,"minecraft:polished_andesite":1,"minecraft:writable_book":1,"minecraft:granite":9,"minecraft:spruce_button":27,"minecraft:bread":21,"minecraft:rooted_dirt":3,"minecraft:jack_o_lantern":1,"minecraft:dark_oak_fence":14,"minecraft:crimson_roots":6,"minecraft:diamond_pickaxe":1,"sophisticatedbackpacks:gold_backpack":1,"minecraft:crafting_table":5,"minecraft:coarse_dirt":10,"minecraft:nether_wart":10,"minecraft:redstone_lamp":1,"minecraft:leather_leggings":1,"minecraft:dragon_head":1,"minecraft:purpur_block":10,"minecraft:cornflower":23,"minecraft:red_bed":6,"minecraft:elytra":2,"minecraft:iron_shovel":1,"minecraft:cracked_stone_bricks":4,"minecraft:beef":118,"quark:yellow_blossom_sapling":3,"minecraft:iron_nugget":7,"minecraft:poppy":11,"quark:music_disc_endermosh":1,"minecraft:spruce_slab":59,"minecraft:minecart":3,"minecraft:chest":16,"minecraft:birch_sapling":70,"minecraft:diamond_hoe":1,"minecraft:egg":1,"minecraft:copper_ore":1,"minecraft:sandstone":14,"minecraft:stone":28,"sophisticatedbackpacks:crafting_upgrade":1,"minecraft:spruce_fence":4,"minecraft:redstone":273,"minecraft:prismarine_crystals":11,"minecraft:diamond_chestplate":1,"minecraft:peony":1,"minecraft:hay_block":26,"minecraft:deepslate_bricks":8,"minecraft:purpur_slab":3,"tombstone:essence_of_undeath":1,"minecraft:gold_ingot":41,"sophisticatedbackpacks:copper_backpack":1,"minecraft:oxeye_daisy":1,"minecraft:rail":3,"minecraft:bone_block":3,"minecraft:white_wool":3,"minecraft:tripwire_hook":2,"minecraft:jungle_fence":1,"minecraft:red_mushroom":13,"minecraft:oak_log":178,"minecraft:lily_pad":2,"minecraft:blue_bed":4,"minecraft:paper":10,"minecraft:white_banner":1,"minecraft:stone_bricks":19,"minecraft:apple":34,"minecraft:kelp":75,"minecraft:warped_stem":8,"minecraft:stone_pickaxe":1,"minecraft:oak_fence_gate":3,"minecraft:iron_sword":1,"minecraft:dark_oak_stairs":8,"minecraft:gravel":39,"minecraft:spruce_sapling":23,"minecraft:spruce_log":416,"minecraft:dragon_egg":1,"minecraft:sea_lantern":2,"minecraft:firework_rocket":96,"minecraft:slime_ball":21,"minecraft:stone_axe":5,"minecraft:diamond_axe":2,"minecraft:warped_roots":6,"minecraft:oak_button":2,"minecraft:warped_nylium":15,"minecraft:crimson_nylium":1,"minecraft:ender_pearl":42,"minecraft:shulker_shell":15,"minecraft:wheat":252,"minecraft:redstone_block":49,"minecraft:ender_chest":2,"minecraft:potion":7,"minecraft:crimson_planks":73,"minecraft:raw_copper":20,"minecraft:smooth_stone_slab":2,"minecraft:iron_leggings":1,"minecraft:sticky_piston":12,"minecraft:oak_sign":3,"minecraft:sea_pickle":9,"minecraft:smooth_stone":1,"minecraft:bucket":2,"minecraft:eye_armor_trim_smithing_template":2,"minecraft:redstone_torch":5,"minecraft:cobblestone_slab":2,"minecraft:ender_eye":7,"minecraft:wooden_shovel":8,"minecraft:iron_pickaxe":3,"minecraft:furnace":6,"minecraft:stick":88,"minecraft:birch_trapdoor":19,"minecraft:oak_fence":3,"minecraft:torch":79,"minecraft:spruce_stairs":49,"storagedrawers:spruce_full_drawers_4":4,"minecraft:porkchop":28,"tombstone:grave_dust":20,"quark:ancient_tome":1,"minecraft:rotten_flesh":49,"minecraft:chorus_flower":3,"minecraft:deepslate_brick_stairs":2,"minecraft:obsidian":4,"minecraft:cobblestone":123,"minecraft:lilac":1,"minecraft:magma_cream":2,"minecraft:repeater":4,"minecraft:andesite":7,"minecraft:potato":632,"storagedrawers:drawer_key":1,"minecraft:tuff":230,"minecraft:dirt":223,"minecraft:lapis_lazuli":74,"minecraft:stripped_birch_log":3,"minecraft:name_tag":2,"minecraft:glass":117,"minecraft:bone":39,"minecraft:bow":5,"minecraft:wheat_seeds":538,"quark:purple_shard":3,"minecraft:deepslate_brick_slab":11,"minecraft:raw_gold":34,"minecraft:grindstone":2,"minecraft:fletching_table":1,"minecraft:mossy_stone_bricks":3,"minecraft:powered_rail":7,"minecraft:prismarine":1,"minecraft:oak_planks":77,"minecraft:stone_hoe":6,"minecraft:poisonous_potato":3,"minecraft:sand":666,"sophisticatedbackpacks:jukebox_upgrade":1,"minecraft:grass_block":186,"minecraft:cyan_bed":8,"minecraft:sugar":2,"minecraft:diamond":20,"minecraft:spruce_boat":8,"waystones:waystone":8,"minecraft:cracked_polished_blackstone_bricks":7,"minecraft:bone_meal":11,"sophisticatedbackpacks:feeding_upgrade":1,"minecraft:golden_apple":5,"minecraft:emerald":21,"minecraft:oak_sapling":59,"minecraft:netherrack":1036,"minecraft:chorus_fruit":12,"quark:crimson_chest":7,"minecraft:charcoal":7,"minecraft:azure_bluet":1,"minecraft:ladder":3,"minecraft:gold_block":6,"minecraft:stone_brick_wall":1,"minecraft:diamond_horse_armor":1,"waystones:bound_scroll":1,"minecraft:oak_trapdoor":3,"minecraft:item_frame":2,"minecraft:birch_fence":16,"minecraft:blackstone":1,"minecraft:oak_boat":4,"minecraft:lectern":1,"minecraft:sugar_cane":419,"minecraft:spruce_trapdoor":132,"minecraft:raw_iron":26,"minecraft:end_stone":53,"minecraft:polished_blackstone_bricks":15,"minecraft:weeping_vines":8,"minecraft:arrow":39,"minecraft:saddle":3,"minecraft:skeleton_skull":3,"minecraft:air":0,"minecraft:basalt":4,"minecraft:crimson_stem":35,"minecraft:leather":34,"minecraft:crimson_fungus":3,"minecraft:gunpowder":8,"minecraft:nether_wart_block":193,"minecraft:cobblestone_wall":6,"minecraft:heart_of_the_sea":1,"minecraft:iron_ingot":15,"storagedrawers:birch_full_drawers_4":127,"minecraft:book":241,"minecraft:scaffolding":1,"minecraft:oak_slab":4,"minecraft:warped_fungus":2,"minecraft:pumpkin":57,"minecraft:quartz":46,"minecraft:blast_furnace":1,"minecraft:white_bed":3,"minecraft:nether_brick_slab":1,"quark:oak_chest":7,"minecraft:dark_oak_fence_gate":14,"minecraft:spruce_door":3,"minecraft:spider_eye":2,"minecraft:pumpkin_seeds":19,"tombstone:magic_scroll":1,"minecraft:coal":34},"minecraft:broken":{"minecraft:leather_helmet":1,"minecraft:stone_sword":1,"minecraft:shield":1,"minecraft:stone_pickaxe":9,"minecraft:stone_axe":3,"minecraft:wooden_axe":2},"minecraft:used":{"minecraft:writable_book":1,"minecraft:chiseled_deepslate":12,"minecraft:dispenser":3,"minecraft:spruce_slab":529,"minecraft:ladder":24,"minecraft:chest":42,"minecraft:stone":4,"minecraft:blue_stained_glass":58,"minecraft:deepslate_brick_slab":130,"minecraft:spruce_boat":5,"minecraft:lava_bucket":11,"minecraft:villager_spawn_egg":1,"minecraft:black_stained_glass_pane":1,"minecraft:grass_block":120,"minecraft:birch_sapling":86,"minecraft:stone_brick_stairs":45,"minecraft:bow":150,"minecraft:furnace":5,"minecraft:egg":1,"minecraft:potato":81,"minecraft:deepslate_brick_wall":22,"minecraft:mossy_stone_bricks":89,"minecraft:leather_leggings":2,"minecraft:powered_rail":106,"minecraft:wooden_pickaxe":39,"minecraft:composter":5,"minecraft:oak_leaves":455,"minecraft:cookie":3,"minecraft:sand":66,"minecraft:blast_furnace":1,"minecraft:gray_concrete":3,"minecraft:deepslate_brick_stairs":66,"minecraft:birch_fence":4,"minecraft:birch_slab":2,"minecraft:cyan_carpet":3,"minecraft:stone_button":3,"minecraft:polished_granite":230,"minecraft:nether_wart_block":46,"minecraft:diamond_sword":1091,"minecraft:dark_oak_fence":4,"minecraft:white_stained_glass":196,"minecraft:oak_boat":4,"minecraft:oak_trapdoor":7,"minecraft:iron_bars":46,"minecraft:stone_sword":240,"minecraft:carved_pumpkin":2,"minecraft:mangrove_fence":12,"minecraft:netherrack":440,"waystones:bound_scroll":2,"minecraft:torch":254,"minecraft:anvil":23,"minecraft:target":2,"minecraft:glow_lichen":54,"minecraft:oak_fence_gate":2,"minecraft:shroomlight":9,"minecraft:sea_lantern":3,"minecraft:iron_block":4,"minecraft:basalt":4,"minecraft:glowstone":10,"minecraft:iron_trapdoor":183,"tombstone:gift":5,"minecraft:cobbled_deepslate":1426,"sophisticatedbackpacks:gold_backpack":1,"minecraft:wheat_seeds":77,"minecraft:water_bucket":92,"minecraft:dirt_path":136,"storagedrawers:compacting_drawers_3":3,"storagedrawers:spruce_full_drawers_4":4,"minecraft:deepslate_bricks":664,"minecraft:polished_blackstone_bricks":10,"minecraft:polished_deepslate_slab":27,"minecraft:mossy_cobblestone":82,"minecraft:rail":77,"minecraft:comparator":9,"minecraft:oak_slab":10,"minecraft:crafting_table":8,"minecraft:red_bed":4,"minecraft:white_bed":3,"quark:glass_item_frame":5,"minecraft:oak_log":388,"minecraft:ender_eye":7,"minecraft:diamond_pickaxe":1020,"minecraft:warped_trapdoor":10,"minecraft:diamond_shovel":1919,"minecraft:oak_button":80,"minecraft:iron_pickaxe":130,"quark:crimson_chest":2,"minecraft:spruce_trapdoor":2,"minecraft:blue_carpet":145,"minecraft:cobblestone":521,"storagedrawers:oak_full_drawers_4":4,"quark:oak_chest":2,"storagedrawers:birch_full_drawers_4":12,"minecraft:polished_deepslate":480,"minecraft:diamond_hoe":29,"minecraft:oak_sign":4,"minecraft:shield":44,"minecraft:soul_campfire":50,"tombstone:scroll_of_preservation":1,"minecraft:obsidian":13,"minecraft:polished_deepslate_stairs":23,"sophisticatedbackpacks:diamond_backpack":6,"minecraft:glass":308,"tombstone:decorative_grave_simple":1,"minecraft:lantern":10,"minecraft:hopper_minecart":34,"minecraft:stone_bricks":91,"minecraft:repeater":6,"minecraft:scaffolding":9,"minecraft:dark_oak_stairs":6,"minecraft:stone_pickaxe":1388,"minecraft:gray_carpet":261,"minecraft:oak_planks":93,"minecraft:jungle_fence":2,"minecraft:ender_pearl":19,"minecraft:redstone_block":14,"minecraft:sugar_cane":69,"minecraft:diamond_axe":775,"minecraft:blue_bed":4,"minecraft:stone_brick_wall":24,"minecraft:end_stone":74,"minecraft:cobbled_deepslate_stairs":172,"minecraft:redstone_torch":11,"minecraft:sticky_piston":9,"waystones:waystone":7,"minecraft:lever":3,"minecraft:firework_rocket":1,"minecraft:bread":22,"minecraft:cyan_bed":8,"minecraft:iron_door":1,"storagedrawers:quantify_key":2,"minecraft:grindstone":1,"minecraft:andesite":70,"minecraft:smooth_stone_slab":1118,"minecraft:chain":3,"minecraft:coarse_dirt":1,"minecraft:bone_meal":96,"minecraft:oak_fence":15,"minecraft:flint_and_steel":1,"minecraft:stone_shovel":175,"minecraft:redstone":34,"minecraft:spruce_planks":6,"minecraft:ender_chest":1,"minecraft:dirt":2086,"storagedrawers:dark_oak_full_drawers_4":4,"minecraft:hopper":43,"minecraft:spruce_stairs":44,"minecraft:cobblestone_wall":10,"minecraft:spruce_fence":36,"minecraft:wooden_axe":123,"minecraft:oak_stairs":138,"minecraft:crimson_planks":61,"minecraft:minecart":3,"minecraft:stone_pressure_plate":2,"minecraft:cooked_beef":110,"chunkloaders:basic_chunk_loader":1,"minecraft:stonecutter":2,"minecraft:smoker":2,"minecraft:cyan_stained_glass":274,"minecraft:purple_stained_glass":44,"minecraft:piston":8,"minecraft:cracked_polished_blackstone_bricks":7,"minecraft:stone_slab":7,"minecraft:stone_axe":528,"minecraft:cobbled_deepslate_slab":73,"minecraft:bucket":94,"minecraft:purple_carpet":146,"storagedrawers:drawer_key":1,"minecraft:smooth_stone":565},"minecraft:killed":{"minecraft:shulker":30,"minecraft:skeleton":19,"minecraft:magma_cube":51,"minecraft:ender_dragon":1,"minecraft:pillager":3,"minecraft:zombie":34,"minecraft:cow":6,"minecraft:vindicator":3,"minecraft:enderman":861,"minecraft:witch":1,"minecraft:spider":3,"minecraft:illusioner":1,"minecraft:piglin":9,"minecraft:pig":9,"minecraft:zombie_villager":1,"minecraft:creeper":7,"minecraft:blaze":3,"minecraft:slime":16,"quark:foxhound":2,"minecraft:hoglin":6,"minecraft:wither_skeleton":2,"minecraft:villager":1},"minecraft:dropped":{"sophisticatedbackpacks:iron_backpack":2,"minecraft:iron_sword":1,"minecraft:cooked_beef":55,"minecraft:diamond":14,"minecraft:cooked_porkchop":19,"minecraft:black_bed":1,"sophisticatedbackpacks:advanced_deposit_upgrade":1,"minecraft:elytra":1,"minecraft:rail":5,"minecraft:red_mushroom":1,"minecraft:gold_block":1,"minecraft:dirt":46,"minecraft:dark_oak_fence":3,"minecraft:sand":132,"minecraft:iron_pickaxe":1,"quark:ancient_tome":1,"minecraft:stone_axe":1,"minecraft:sugar_cane":4,"minecraft:cobbled_deepslate":159,"minecraft:obsidian":1,"tombstone:gift":1,"minecraft:rotten_flesh":18,"minecraft:oak_planks":44,"minecraft:blaze_powder":16,"minecraft:dark_oak_fence_gate":2,"minecraft:blue_stained_glass":1,"minecraft:spruce_slab":11,"minecraft:glass":36,"minecraft:ghast_tear":1,"minecraft:enchanted_book":4,"tombstone:scroll_of_reach":1,"minecraft:crimson_planks":57,"minecraft:wheat_seeds":20,"minecraft:tnt":13,"minecraft:iron_helmet":1,"minecraft:cobblestone":51,"minecraft:feather":1,"minecraft:apple":2,"minecraft:granite":9,"minecraft:spruce_button":10,"minecraft:coal":14,"minecraft:polished_andesite":1,"minecraft:smooth_stone":1,"minecraft:string":87,"minecraft:gray_carpet":1,"minecraft:smooth_stone_slab":2,"minecraft:diamond_hoe":1,"minecraft:name_tag":1,"minecraft:purple_stained_glass":1,"minecraft:diamond_sword":1,"minecraft:potato":371,"minecraft:spruce_boat":1,"minecraft:spruce_trapdoor":23,"minecraft:spruce_planks":12,"minecraft:stone_bricks":1,"minecraft:barrel":1,"minecraft:magenta_dye":2,"minecraft:diamond_axe":2,"minecraft:oak_log":14,"minecraft:baked_potato":37,"minecraft:ender_pearl":167,"minecraft:dark_oak_sapling":4,"minecraft:lantern":1,"minecraft:crimson_roots":3,"artifacts:chorus_totem":1,"minecraft:birch_trapdoor":1,"artifacts:helium_flamingo":1,"minecraft:stone_brick_wall":1,"minecraft:chest":1,"minecraft:powered_rail":3,"minecraft:purple_carpet":1,"minecraft:stone_hoe":1,"minecraft:bread":49,"minecraft:stripped_spruce_log":5,"minecraft:poisonous_potato":1,"minecraft:golden_axe":2,"minecraft:spruce_stairs":12,"minecraft:grass_block":186,"minecraft:stick":3,"tombstone:magic_scroll":2,"minecraft:torch":88,"minecraft:nether_wart_block":1,"minecraft:iron_door":1,"minecraft:tripwire_hook":2,"minecraft:bucket":2,"storagedrawers:birch_full_drawers_4":201,"minecraft:nether_brick_slab":1,"minecraft:kelp":57,"minecraft:blaze_rod":2,"minecraft:tuff":2,"waystones:bound_scroll":2,"storagedrawers:birch_trim":4,"minecraft:copper_ore":1,"minecraft:shield":1,"minecraft:oak_button":1,"minecraft:andesite":7,"minecraft:mossy_stone_bricks":1,"minecraft:oak_sapling":10,"minecraft:golden_sword":2,"sophisticatedbackpacks:tool_swapper_upgrade":1,"minecraft:slime_ball":20,"minecraft:spruce_log":54,"minecraft:wooden_pickaxe":1},"minecraft:killed_by":{"minecraft:pillager":1,"minecraft:vindicator":2,"minecraft:zombie":2,"minecraft:ender_dragon":1,"minecraft:piglin":1,"minecraft:player":1,"minecraft:hoglin":3},"minecraft:mined":{"minecraft:dragon_wall_head":1,"minecraft:white_bed":2,"minecraft:obsidian":4,"minecraft:deepslate_bricks":8,"minecraft:crimson_fungus":4,"minecraft:oak_wall_sign":3,"minecraft:oxeye_daisy":1,"minecraft:spawner":6,"minecraft:chorus_flower":3,"minecraft:polished_blackstone_bricks":14,"minecraft:tall_seagrass":4,"minecraft:magma_block":2,"minecraft:cobbled_deepslate":29,"minecraft:fire":24,"minecraft:barrel":1,"minecraft:pumpkin":57,"minecraft:fletching_table":1,"minecraft:enchanting_table":1,"minecraft:twisting_vines":1,"minecraft:dirt_path":59,"minecraft:deepslate_brick_stairs":2,"minecraft:tripwire":3,"minecraft:piston_head":3,"minecraft:brown_mushroom":1,"minecraft:red_bed":1,"minecraft:kelp_plant":22,"minecraft:smoker":2,"minecraft:crimson_nylium":4,"minecraft:torch":34,"minecraft:blast_furnace":1,"minecraft:dead_bush":1,"quark:blossom_log":46,"minecraft:glass":12,"storagedrawers:dark_oak_full_drawers_4":4,"minecraft:cyan_bed":7,"minecraft:sugar_cane":175,"minecraft:birch_sapling":4,"minecraft:skeleton_skull":3,"minecraft:repeater":2,"minecraft:wheat":165,"minecraft:lilac":1,"minecraft:pumpkin_stem":13,"minecraft:black_bed":1,"minecraft:warped_fungus":2,"minecraft:grass":82,"minecraft:oak_fence_gate":3,"minecraft:deepslate":1094,"minecraft:stripped_birch_log":3,"minecraft:jack_o_lantern":1,"minecraft:sea_lantern":4,"minecraft:end_stone":73,"minecraft:dark_oak_fence":4,"minecraft:cobbled_deepslate_slab":1,"minecraft:spruce_fence":4,"minecraft:crimson_roots":5,"minecraft:redstone_wire":2,"minecraft:kelp":6,"minecraft:redstone_ore":8,"minecraft:potatoes":84,"minecraft:cobblestone_slab":2,"minecraft:vine":11,"minecraft:rail":1,"minecraft:warped_stem":8,"minecraft:bone_block":3,"minecraft:ender_chest":2,"minecraft:smithing_table":1,"minecraft:oak_slab":4,"quark:oak_chest":7,"minecraft:fire_coral":1,"minecraft:cornflower":23,"minecraft:spruce_button":1,"minecraft:emerald_ore":2,"minecraft:warped_roots":1,"minecraft:brain_coral_fan":1,"minecraft:purpur_pillar":2,"minecraft:tall_grass":3,"minecraft:copper_ore":1,"minecraft:deepslate_gold_ore":3,"minecraft:diorite":12,"minecraft:warped_wart_block":50,"minecraft:coarse_dirt":9,"minecraft:cobblestone_wall":12,"minecraft:spruce_log":221,"minecraft:jungle_fence":2,"minecraft:gravel":38,"minecraft:cobweb":109,"minecraft:oak_button":1,"quark:crimson_chest":7,"minecraft:stone_bricks":16,"minecraft:gold_ore":6,"minecraft:fern":4,"minecraft:spruce_planks":10,"minecraft:farmland":4,"sophisticatedbackpacks:gold_backpack":1,"minecraft:brewing_stand":2,"minecraft:spruce_trapdoor":25,"minecraft:grass_block":1030,"minecraft:cracked_polished_blackstone_bricks":7,"minecraft:composter":4,"minecraft:glowstone":36,"minecraft:iron_ore":8,"minecraft:anvil":2,"minecraft:azure_bluet":1,"minecraft:dark_oak_stairs":4,"minecraft:red_tulip":15,"minecraft:iron_bars":2,"minecraft:spruce_slab":10,"minecraft:deepslate_redstone_ore":50,"minecraft:blackstone":2,"minecraft:twisting_vines_plant":1,"minecraft:potted_jungle_sapling":1,"minecraft:poppy":12,"minecraft:chest":10,"minecraft:nether_quartz_ore":52,"minecraft:cobblestone":66,"minecraft:grindstone":2,"minecraft:prismarine":1,"minecraft:oak_planks":29,"minecraft:iron_door":1,"minecraft:wall_torch":14,"minecraft:deepslate_copper_ore":6,"minecraft:seagrass":2,"minecraft:powered_rail":4,"minecraft:nether_wart_block":220,"minecraft:birch_log":162,"minecraft:birch_trapdoor":1,"minecraft:smooth_stone_slab":2,"minecraft:oak_log":197,"minecraft:sand":294,"minecraft:dirt":634,"minecraft:crimson_planks":16,"structure_gel:dynamic_spawner":1,"minecraft:tripwire_hook":1,"minecraft:netherrack":573,"minecraft:oak_leaves":13,"minecraft:redstone_lamp":1,"minecraft:diamond_ore":2,"minecraft:tuff":132,"minecraft:deepslate_diamond_ore":17,"minecraft:ladder":3,"minecraft:soul_campfire":1,"minecraft:birch_slab":2,"minecraft:spruce_leaves":1,"minecraft:sandstone":11,"minecraft:rooted_dirt":2,"minecraft:crimson_stem":38,"minecraft:large_fern":1,"minecraft:hay_block":26,"minecraft:deepslate_brick_slab":12,"minecraft:oak_trapdoor":3,"minecraft:furnace":2,"minecraft:dark_oak_fence_gate":2,"minecraft:stripped_spruce_log":3,"minecraft:peony":1,"minecraft:gold_block":5,"minecraft:bookshelf":60,"minecraft:deepslate_iron_ore":8,"minecraft:shroomlight":9,"minecraft:lantern":26,"minecraft:chorus_plant":1,"minecraft:stone":88,"minecraft:redstone_wall_torch":1,"minecraft:podzol":42,"minecraft:basalt":4,"minecraft:oak_fence":3,"minecraft:crafting_table":6,"minecraft:lectern":1,"minecraft:lapis_ore":6,"minecraft:lily_pad":12,"minecraft:polished_blackstone_brick_stairs":1,"minecraft:blue_bed":3,"minecraft:spruce_stairs":12,"minecraft:sea_pickle":5,"chunkloaders:basic_chunk_loader":1,"minecraft:coal_ore":6,"minecraft:end_rod":41,"storagedrawers:spruce_full_drawers_4":4,"minecraft:cracked_stone_bricks":1,"minecraft:polished_andesite":1,"minecraft:mossy_stone_bricks":4,"minecraft:birch_fence":2},"minecraft:custom":{"minecraft:interact_with_crafting_table":52,"minecraft:open_barrel":150,"minecraft:leave_game":17,"minecraft:time_since_death":511887,"minecraft:damage_blocked_by_shield":2670,"minecraft:play_time":1563235,"minecraft:deaths":14,"minecraft:jump":6475,"minecraft:interact_with_furnace":93,"minecraft:traded_with_villager":2,"minecraft:interact_with_cartography_table":1,"minecraft:sleep_in_bed":32,"minecraft:waystone_activated":8,"minecraft:damage_dealt":60030,"tombstone:undead_killed":56,"minecraft:interact_with_smoker":71,"minecraft:inspect_dispenser":5,"minecraft:interact_with_smithing_table":1,"minecraft:interact_with_anvil":7,"minecraft:inspect_hopper":121,"minecraft:damage_dealt_absorbed":200,"minecraft:sneak_time":37687,"minecraft:interact_with_lectern":1,"minecraft:interact_with_blast_furnace":9,"minecraft:total_world_time":1563235,"minecraft:interact_with_stonecutter":10,"tombstone:pray_on_grave":4,"minecraft:time_since_rest":409492,"minecraft:swim_one_cm":340207,"minecraft:fly_one_cm":4366517,"minecraft:open_chest":853,"minecraft:fall_one_cm":117099,"minecraft:animals_bred":97,"minecraft:sprint_one_cm":2171621,"minecraft:drop":190,"minecraft:talked_to_villager":22,"minecraft:interact_with_brewingstand":1,"minecraft:walk_on_water_one_cm":178297,"minecraft:open_enderchest":4,"minecraft:player_kills":1,"minecraft:crouch_one_cm":88809,"minecraft:mob_kills":1073,"minecraft:damage_dealt_resisted":1503,"minecraft:climb_one_cm":52533,"minecraft:walk_one_cm":2683444,"minecraft:walk_under_water_one_cm":102065,"minecraft:boat_one_cm":260650,"minecraft:interact_with_grindstone":1,"minecraft:damage_taken":12681,"minecraft:aviate_one_cm":21900}},"DataVersion":3465}