{"stats":{"minecraft:custom":{"minecraft:jump":4,"minecraft:time_since_rest":15607,"minecraft:crouch_one_cm":73,"minecraft:deaths":1,"minecraft:leave_game":1,"minecraft:play_time":32883,"minecraft:walk_on_water_one_cm":50,"minecraft:time_since_death":15713,"minecraft:walk_one_cm":2266,"minecraft:sneak_time":342,"minecraft:total_world_time":32883,"minecraft:walk_under_water_one_cm":239,"minecraft:fly_one_cm":673736},"minecraft:picked_up":{"minecraft:sand":2},"minecraft:mined":{"minecraft:sand":2},"minecraft:used":{"tombstone:gift":7,"minecraft:white_concrete":1}},"DataVersion":3465}