{"stats":{"minecraft:crafted":{"minecraft:oak_planks":59,"minecraft:diamond_shovel":1,"tombstone:ankh_of_prayer":1,"storagedrawers:birch_trim":4,"minecraft:glass":175,"minecraft:hopper":1,"minecraft:diamond_helmet":1,"minecraft:diamond_leggings":1,"minecraft:chest":137,"minecraft:oak_button":1,"minecraft:stone_hoe":1,"storagedrawers:oak_full_drawers_4":1,"minecraft:magenta_dye":1,"minecraft:emerald":2,"sophisticatedbackpacks:backpack":2,"minecraft:cooked_porkchop":12,"minecraft:diamond_axe":1,"minecraft:crafting_table":1,"minecraft:spruce_planks":16,"minecraft:baked_potato":64,"minecraft:wooden_pickaxe":1,"tombstone:decorative_grave_simple":1,"minecraft:gold_block":11,"minecraft:birch_planks":241,"sophisticatedbackpacks:upgrade_base":2,"minecraft:paper":46,"minecraft:diamond_pickaxe":1,"minecraft:purple_dye":1,"minecraft:shield":2,"quark:oak_chest":3,"minecraft:stick":2,"storagedrawers:birch_full_drawers_4":32,"minecraft:iron_ingot":8,"minecraft:iron_pickaxe":1,"minecraft:stone_sword":3,"minecraft:gold_ingot":7,"minecraft:composter":2,"storagedrawers:dark_oak_full_drawers_4":1,"minecraft:stone_shovel":2,"sophisticatedbackpacks:tool_swapper_upgrade":1,"minecraft:diamond_hoe":1,"minecraft:furnace":2,"storagedrawers:spruce_full_drawers_4":1,"minecraft:bone_meal":32,"waystones:bound_scroll":3,"minecraft:flint_and_steel":1,"minecraft:stone_pickaxe":10,"minecraft:diamond_boots":1,"minecraft:spruce_boat":1,"minecraft:redstone_block":24,"minecraft:dark_oak_planks":2,"minecraft:wheat":7,"sophisticatedbackpacks:iron_backpack":1,"minecraft:cooked_beef":64,"minecraft:red_dye":10,"minecraft:crimson_planks":6,"minecraft:diamond_sword":1,"sophisticatedbackpacks:gold_backpack":1,"minecraft:bucket":3,"minecraft:stone_axe":4,"minecraft:glowstone":32,"minecraft:air":2067,"minecraft:oak_fence_gate":1,"minecraft:wooden_axe":2,"minecraft:torch":21,"minecraft:diamond_chestplate":1},"minecraft:picked_up":{"minecraft:wheat":252,"minecraft:redstone_block":49,"minecraft:flower_pot":1,"minecraft:smithing_table":1,"minecraft:potion":1,"minecraft:enchanted_book":11,"minecraft:crimson_planks":73,"minecraft:brewing_stand":2,"minecraft:golden_sword":2,"minecraft:music_disc_cat":1,"minecraft:polished_blackstone_brick_stairs":1,"minecraft:string":84,"minecraft:raw_copper":20,"minecraft:sticky_piston":12,"minecraft:shroomlight":7,"minecraft:oak_sign":3,"minecraft:sea_pickle":9,"minecraft:cobbled_deepslate":2771,"minecraft:gold_nugget":16,"minecraft:smooth_stone":1,"minecraft:bucket":2,"minecraft:spruce_planks":14,"minecraft:redstone_torch":4,"minecraft:cobblestone_slab":2,"storagedrawers:dark_oak_full_drawers_4":4,"minecraft:wooden_shovel":8,"minecraft:furnace":6,"minecraft:stick":85,"minecraft:composter":4,"minecraft:birch_trapdoor":19,"minecraft:torch":38,"storagedrawers:spruce_full_drawers_4":4,"minecraft:spruce_stairs":49,"minecraft:porkchop":17,"minecraft:golden_axe":2,"tombstone:grave_dust":14,"minecraft:stone_sword":2,"quark:clear_shard":34,"minecraft:rotten_flesh":22,"minecraft:blue_dye":2,"minecraft:blaze_rod":5,"minecraft:obsidian":1,"minecraft:iron_bars":3,"minecraft:cobblestone":113,"minecraft:birch_log":772,"minecraft:magma_block":1,"minecraft:lilac":1,"minecraft:magma_cream":2,"minecraft:repeater":4,"minecraft:birch_slab":103,"minecraft:water_bucket":1,"minecraft:smoker":2,"minecraft:potato":632,"minecraft:flint":8,"minecraft:tuff":228,"storagedrawers:drawer_key":1,"minecraft:lapis_lazuli":34,"minecraft:stripped_birch_log":3,"minecraft:dirt":178,"minecraft:lantern":15,"minecraft:brown_candle":4,"minecraft:name_tag":1,"minecraft:twisting_vines":4,"minecraft:glass":117,"minecraft:bone":11,"minecraft:bow":5,"minecraft:wheat_seeds":534,"minecraft:raw_gold":28,"minecraft:grindstone":2,"minecraft:mossy_stone_bricks":3,"minecraft:glowstone_dust":109,"minecraft:powered_rail":7,"minecraft:prismarine":1,"minecraft:stone_hoe":6,"minecraft:oak_planks":72,"minecraft:poisonous_potato":3,"minecraft:sand":217,"minecraft:stripped_spruce_log":74,"minecraft:cyan_bed":6,"minecraft:fermented_spider_eye":2,"minecraft:dark_oak_log":128,"minecraft:barrel":3,"minecraft:sugar":2,"minecraft:diamond":18,"minecraft:spruce_boat":8,"minecraft:writable_book":1,"minecraft:cracked_polished_blackstone_bricks":7,"minecraft:golden_apple":5,"sophisticatedbackpacks:feeding_upgrade":1,"minecraft:spruce_button":27,"minecraft:emerald":19,"minecraft:bread":21,"minecraft:rooted_dirt":3,"minecraft:oak_sapling":49,"minecraft:netherrack":993,"minecraft:dark_oak_fence":13,"minecraft:crimson_roots":4,"quark:crimson_chest":7,"minecraft:charcoal":7,"minecraft:coarse_dirt":10,"minecraft:crafting_table":5,"minecraft:azure_bluet":1,"minecraft:ladder":3,"minecraft:nether_wart":10,"minecraft:leather_leggings":1,"minecraft:gold_block":5,"minecraft:diamond_horse_armor":1,"waystones:bound_scroll":1,"minecraft:oak_trapdoor":3,"minecraft:red_bed":6,"minecraft:item_frame":2,"minecraft:birch_fence":14,"minecraft:blackstone":1,"minecraft:cracked_stone_bricks":4,"minecraft:beef":75,"minecraft:oak_boat":2,"minecraft:poppy":11,"minecraft:spruce_slab":59,"minecraft:minecart":2,"minecraft:sugar_cane":419,"minecraft:chest":15,"minecraft:birch_sapling":70,"minecraft:spruce_trapdoor":132,"minecraft:diamond_hoe":1,"minecraft:egg":1,"minecraft:raw_iron":18,"minecraft:sandstone":2,"sophisticatedbackpacks:crafting_upgrade":1,"minecraft:spruce_fence":2,"minecraft:polished_blackstone_bricks":15,"minecraft:redstone":230,"minecraft:prismarine_crystals":11,"minecraft:arrow":14,"minecraft:weeping_vines":8,"minecraft:peony":1,"minecraft:hay_block":7,"tombstone:essence_of_undeath":1,"minecraft:saddle":2,"minecraft:gold_ingot":41,"minecraft:bone_block":3,"minecraft:rail":3,"minecraft:white_wool":3,"minecraft:oxeye_daisy":1,"minecraft:air":0,"minecraft:basalt":4,"minecraft:tripwire_hook":2,"minecraft:crimson_stem":35,"minecraft:leather":17,"minecraft:red_mushroom":13,"minecraft:crimson_fungus":3,"minecraft:oak_log":164,"minecraft:nether_wart_block":193,"minecraft:cobblestone_wall":6,"minecraft:blue_bed":4,"minecraft:white_banner":1,"minecraft:apple":31,"minecraft:stone_bricks":18,"minecraft:kelp":73,"minecraft:heart_of_the_sea":1,"minecraft:iron_ingot":2,"minecraft:oak_fence_gate":3,"minecraft:stone_pickaxe":1,"storagedrawers:birch_full_drawers_4":127,"minecraft:dark_oak_stairs":8,"minecraft:book":222,"minecraft:oak_slab":4,"minecraft:warped_fungus":2,"minecraft:pumpkin":17,"minecraft:quartz":46,"minecraft:gravel":39,"minecraft:spruce_sapling":23,"minecraft:blast_furnace":1,"minecraft:spruce_log":416,"minecraft:nether_brick_slab":1,"minecraft:dark_oak_fence_gate":14,"minecraft:sea_lantern":2,"minecraft:spruce_door":3,"minecraft:spider_eye":1,"minecraft:pumpkin_seeds":19,"minecraft:stone_axe":5,"minecraft:diamond_axe":2,"minecraft:oak_button":1,"minecraft:coal":26},"minecraft:broken":{"minecraft:stone_pickaxe":9,"minecraft:stone_axe":3,"minecraft:wooden_axe":2,"minecraft:leather_helmet":1,"minecraft:stone_sword":1,"minecraft:shield":1},"minecraft:used":{"minecraft:writable_book":1,"storagedrawers:birch_full_drawers_4":12,"minecraft:dispenser":1,"minecraft:ladder":11,"minecraft:diamond_hoe":8,"minecraft:oak_sign":4,"minecraft:chest":19,"minecraft:shield":44,"minecraft:obsidian":13,"minecraft:spruce_boat":5,"minecraft:glass":308,"tombstone:decorative_grave_simple":1,"minecraft:lava_bucket":10,"minecraft:villager_spawn_egg":1,"minecraft:grass_block":3,"minecraft:birch_sapling":86,"minecraft:stone_bricks":12,"minecraft:bow":18,"minecraft:furnace":5,"minecraft:egg":1,"minecraft:potato":81,"minecraft:dark_oak_stairs":6,"minecraft:leather_leggings":2,"minecraft:oak_planks":89,"minecraft:stone_pickaxe":1388,"minecraft:powered_rail":11,"minecraft:wooden_pickaxe":39,"minecraft:composter":5,"minecraft:sugar_cane":69,"minecraft:blue_bed":4,"minecraft:diamond_axe":455,"minecraft:oak_leaves":1,"minecraft:cookie":3,"minecraft:sand":37,"minecraft:blast_furnace":1,"minecraft:redstone_torch":1,"waystones:waystone":1,"minecraft:birch_slab":2,"minecraft:stone_button":1,"minecraft:bread":22,"minecraft:cyan_bed":7,"minecraft:nether_wart_block":46,"minecraft:diamond_sword":208,"minecraft:grindstone":1,"minecraft:coarse_dirt":1,"minecraft:oak_boat":2,"minecraft:oak_trapdoor":7,"minecraft:bone_meal":96,"minecraft:stone_sword":240,"minecraft:flint_and_steel":1,"minecraft:stone_shovel":175,"minecraft:netherrack":140,"minecraft:torch":30,"minecraft:dirt":222,"storagedrawers:dark_oak_full_drawers_4":4,"minecraft:hopper":1,"minecraft:spruce_stairs":26,"minecraft:cobblestone_wall":1,"minecraft:spruce_fence":2,"minecraft:oak_fence_gate":2,"minecraft:wooden_axe":123,"minecraft:sea_lantern":3,"minecraft:crimson_planks":59,"minecraft:glowstone":1,"minecraft:basalt":4,"minecraft:minecart":1,"tombstone:gift":5,"minecraft:cooked_beef":36,"minecraft:cobbled_deepslate":85,"minecraft:wheat_seeds":77,"minecraft:water_bucket":62,"storagedrawers:compacting_drawers_3":3,"storagedrawers:spruce_full_drawers_4":4,"minecraft:polished_blackstone_bricks":10,"minecraft:rail":7,"minecraft:oak_slab":10,"minecraft:crafting_table":7,"minecraft:red_bed":4,"minecraft:smoker":2,"minecraft:diamond_pickaxe":705,"minecraft:diamond_shovel":174,"minecraft:cracked_polished_blackstone_bricks":7,"minecraft:oak_button":1,"minecraft:iron_pickaxe":128,"quark:crimson_chest":2,"minecraft:spruce_trapdoor":2,"minecraft:stone_axe":528,"minecraft:cobblestone":156,"storagedrawers:oak_full_drawers_4":4,"minecraft:bucket":73},"minecraft:killed":{"minecraft:spider":2,"minecraft:skeleton":6,"minecraft:illusioner":1,"minecraft:magma_cube":51,"minecraft:piglin":9,"minecraft:pig":8,"minecraft:zombie_villager":1,"minecraft:creeper":1,"minecraft:pillager":3,"minecraft:zombie":22,"minecraft:blaze":3,"minecraft:cow":6,"minecraft:vindicator":3,"quark:foxhound":1,"minecraft:hoglin":2,"minecraft:wither_skeleton":2,"minecraft:villager":1},"minecraft:dropped":{"minecraft:diamond_axe":2,"minecraft:baked_potato":37,"minecraft:diamond":3,"minecraft:dark_oak_sapling":4,"minecraft:cooked_porkchop":19,"minecraft:lantern":1,"minecraft:black_bed":1,"minecraft:rail":5,"minecraft:red_mushroom":1,"minecraft:gold_block":1,"minecraft:dirt":16,"minecraft:dark_oak_fence":3,"minecraft:crimson_roots":2,"minecraft:sand":132,"quark:ancient_tome":1,"minecraft:stone_axe":1,"minecraft:sugar_cane":4,"minecraft:cobbled_deepslate":87,"minecraft:oak_planks":40,"minecraft:dark_oak_fence_gate":2,"minecraft:birch_trapdoor":1,"minecraft:chest":1,"minecraft:spruce_slab":11,"minecraft:powered_rail":3,"minecraft:glass":36,"minecraft:ghast_tear":1,"minecraft:stone_hoe":1,"minecraft:crimson_planks":57,"tombstone:scroll_of_reach":1,"minecraft:enchanted_book":4,"minecraft:bread":46,"minecraft:stripped_spruce_log":5,"minecraft:wheat_seeds":16,"minecraft:tnt":13,"minecraft:poisonous_potato":1,"minecraft:golden_axe":2,"minecraft:feather":1,"minecraft:cobblestone":41,"minecraft:spruce_button":10,"minecraft:spruce_stairs":12,"minecraft:coal":14,"tombstone:magic_scroll":2,"minecraft:torch":88,"minecraft:nether_wart_block":1,"minecraft:smooth_stone":1,"minecraft:string":87,"minecraft:tripwire_hook":2,"minecraft:bucket":2,"storagedrawers:birch_full_drawers_4":201,"minecraft:nether_brick_slab":1,"minecraft:kelp":57,"minecraft:blaze_rod":2,"minecraft:diamond_hoe":1,"waystones:bound_scroll":1,"storagedrawers:birch_trim":4,"minecraft:potato":371,"minecraft:spruce_boat":1,"minecraft:shield":1,"minecraft:oak_button":1,"minecraft:spruce_trapdoor":23,"minecraft:spruce_planks":12,"minecraft:mossy_stone_bricks":1,"minecraft:golden_sword":2,"sophisticatedbackpacks:tool_swapper_upgrade":1,"minecraft:spruce_log":54,"minecraft:magenta_dye":2,"minecraft:wooden_pickaxe":1},"minecraft:killed_by":{"minecraft:pillager":1,"minecraft:vindicator":2,"minecraft:piglin":1,"minecraft:zombie":2,"minecraft:player":1,"minecraft:hoglin":3},"minecraft:mined":{"minecraft:spruce_planks":10,"minecraft:farmland":4,"minecraft:brewing_stand":1,"minecraft:obsidian":1,"minecraft:spruce_trapdoor":25,"minecraft:grass_block":37,"minecraft:cracked_polished_blackstone_bricks":7,"minecraft:composter":4,"minecraft:crimson_fungus":4,"minecraft:oak_wall_sign":3,"minecraft:oxeye_daisy":1,"minecraft:spawner":3,"minecraft:polished_blackstone_bricks":14,"minecraft:tall_seagrass":1,"minecraft:magma_block":2,"minecraft:glowstone":36,"minecraft:cobbled_deepslate":29,"minecraft:fire":22,"minecraft:pumpkin":17,"minecraft:azure_bluet":1,"minecraft:dark_oak_stairs":4,"minecraft:enchanting_table":1,"minecraft:twisting_vines":1,"minecraft:dirt_path":59,"minecraft:iron_bars":2,"minecraft:spruce_slab":10,"minecraft:tripwire":3,"minecraft:piston_head":3,"minecraft:deepslate_redstone_ore":50,"minecraft:red_bed":1,"minecraft:blackstone":2,"minecraft:twisting_vines_plant":1,"minecraft:kelp_plant":22,"minecraft:smoker":2,"minecraft:crimson_nylium":2,"minecraft:torch":2,"minecraft:potted_jungle_sapling":1,"minecraft:blast_furnace":1,"minecraft:poppy":12,"minecraft:chest":10,"minecraft:glass":12,"minecraft:cobblestone":65,"minecraft:nether_quartz_ore":52,"storagedrawers:dark_oak_full_drawers_4":4,"minecraft:oak_planks":25,"minecraft:sugar_cane":174,"minecraft:cyan_bed":6,"minecraft:prismarine":1,"minecraft:grindstone":2,"minecraft:wall_torch":12,"minecraft:deepslate_copper_ore":6,"minecraft:birch_sapling":4,"minecraft:repeater":2,"minecraft:powered_rail":4,"minecraft:nether_wart_block":220,"minecraft:birch_log":162,"minecraft:wheat":165,"minecraft:birch_trapdoor":1,"minecraft:lilac":1,"minecraft:warped_fungus":2,"minecraft:pumpkin_stem":13,"minecraft:black_bed":1,"minecraft:grass":29,"minecraft:oak_log":123,"minecraft:oak_fence_gate":3,"minecraft:sand":154,"minecraft:dirt":18,"minecraft:crimson_planks":16,"minecraft:tripwire_hook":1,"minecraft:netherrack":525,"minecraft:deepslate":1094,"minecraft:oak_leaves":12,"minecraft:tuff":132,"minecraft:deepslate_diamond_ore":17,"minecraft:stripped_birch_log":3,"minecraft:sea_lantern":4,"minecraft:dark_oak_fence":2,"minecraft:ladder":3,"minecraft:spruce_fence":2,"minecraft:crimson_roots":5,"minecraft:redstone_wire":2,"minecraft:spruce_leaves":1,"minecraft:birch_slab":2,"minecraft:kelp":6,"minecraft:rooted_dirt":2,"minecraft:sandstone":2,"minecraft:crimson_stem":38,"minecraft:large_fern":1,"minecraft:hay_block":7,"minecraft:oak_trapdoor":3,"minecraft:furnace":2,"minecraft:dark_oak_fence_gate":2,"minecraft:stripped_spruce_log":3,"minecraft:peony":1,"minecraft:gold_block":4,"minecraft:bookshelf":60,"minecraft:potatoes":84,"minecraft:shroomlight":7,"minecraft:deepslate_iron_ore":8,"minecraft:cobblestone_slab":2,"minecraft:vine":1,"minecraft:rail":1,"minecraft:lantern":14,"minecraft:stone":39,"minecraft:bone_block":3,"minecraft:redstone_wall_torch":1,"minecraft:podzol":42,"minecraft:smithing_table":1,"minecraft:oak_slab":4,"minecraft:basalt":4,"minecraft:fire_coral":1,"minecraft:crafting_table":6,"minecraft:spruce_button":1,"minecraft:brain_coral_fan":1,"minecraft:deepslate_gold_ore":3,"minecraft:polished_blackstone_brick_stairs":1,"minecraft:blue_bed":3,"minecraft:spruce_stairs":12,"minecraft:coarse_dirt":9,"minecraft:cobblestone_wall":12,"minecraft:sea_pickle":5,"minecraft:spruce_log":221,"minecraft:gravel":38,"storagedrawers:spruce_full_drawers_4":4,"minecraft:cobweb":95,"minecraft:cracked_stone_bricks":1,"minecraft:oak_button":1,"quark:crimson_chest":7,"minecraft:stone_bricks":16,"minecraft:mossy_stone_bricks":4,"minecraft:fern":4},"minecraft:custom":{"minecraft:animals_bred":69,"minecraft:interact_with_crafting_table":49,"minecraft:open_barrel":96,"minecraft:leave_game":16,"minecraft:time_since_death":317733,"minecraft:sprint_one_cm":1016058,"minecraft:damage_blocked_by_shield":2670,"minecraft:drop":125,"minecraft:talked_to_villager":10,"minecraft:play_time":777381,"minecraft:deaths":10,"minecraft:jump":3395,"minecraft:interact_with_brewingstand":1,"minecraft:walk_on_water_one_cm":87553,"minecraft:interact_with_furnace":92,"minecraft:traded_with_villager":2,"minecraft:sleep_in_bed":22,"minecraft:waystone_activated":4,"minecraft:damage_dealt":14392,"minecraft:player_kills":1,"minecraft:crouch_one_cm":41666,"tombstone:undead_killed":31,"minecraft:interact_with_smoker":32,"minecraft:interact_with_smithing_table":1,"minecraft:inspect_dispenser":3,"minecraft:mob_kills":125,"minecraft:climb_one_cm":16808,"minecraft:walk_one_cm":1335211,"minecraft:sneak_time":15551,"minecraft:walk_under_water_one_cm":41973,"minecraft:boat_one_cm":260650,"minecraft:interact_with_blast_furnace":9,"minecraft:total_world_time":777381,"minecraft:interact_with_stonecutter":2,"tombstone:pray_on_grave":1,"minecraft:time_since_rest":1216,"minecraft:damage_taken":6186,"minecraft:swim_one_cm":178956,"minecraft:fly_one_cm":609119,"minecraft:open_chest":488,"minecraft:fall_one_cm":52956}},"DataVersion":3465}