{"stats":{"minecraft:dropped":{"minecraft:dark_oak_sapling":4,"minecraft:lantern":1,"minecraft:red_mushroom":1,"minecraft:gold_block":1,"minecraft:dirt":16,"minecraft:dark_oak_fence":3,"minecraft:crimson_roots":2,"minecraft:stone_axe":1,"minecraft:sugar_cane":4,"minecraft:cobbled_deepslate":87,"minecraft:dark_oak_fence_gate":2,"minecraft:birch_trapdoor":1,"minecraft:chest":1,"minecraft:spruce_slab":11,"minecraft:ghast_tear":1,"minecraft:stone_hoe":1,"minecraft:stripped_spruce_log":5,"minecraft:wheat_seeds":16,"minecraft:poisonous_potato":1,"minecraft:feather":1,"minecraft:golden_axe":2,"minecraft:cobblestone":41,"minecraft:spruce_button":10,"minecraft:spruce_stairs":12,"minecraft:coal":14,"minecraft:torch":88,"minecraft:nether_wart_block":1,"minecraft:smooth_stone":1,"minecraft:string":87,"minecraft:tripwire_hook":2,"minecraft:bucket":1,"storagedrawers:birch_full_drawers_4":201,"minecraft:nether_brick_slab":1,"minecraft:kelp":57,"minecraft:blaze_rod":2,"minecraft:diamond_hoe":1,"storagedrawers:birch_trim":4,"minecraft:potato":81,"minecraft:shield":1,"minecraft:spruce_trapdoor":23,"minecraft:spruce_planks":12,"minecraft:golden_sword":2,"minecraft:spruce_log":54,"minecraft:wooden_pickaxe":1},"minecraft:broken":{"minecraft:stone_pickaxe":9,"minecraft:stone_axe":3,"minecraft:wooden_axe":2,"minecraft:leather_helmet":1,"minecraft:stone_sword":1},"minecraft:crafted":{"minecraft:oak_planks":59,"minecraft:diamond_shovel":1,"storagedrawers:birch_trim":4,"minecraft:hopper":1,"minecraft:diamond_helmet":1,"minecraft:diamond_leggings":1,"minecraft:chest":129,"minecraft:stone_hoe":1,"storagedrawers:oak_full_drawers_4":1,"sophisticatedbackpacks:backpack":2,"minecraft:cooked_porkchop":12,"minecraft:diamond_axe":1,"minecraft:crafting_table":1,"minecraft:spruce_planks":16,"minecraft:baked_potato":64,"minecraft:wooden_pickaxe":1,"minecraft:birch_planks":241,"minecraft:paper":46,"minecraft:diamond_pickaxe":1,"minecraft:shield":2,"quark:oak_chest":3,"minecraft:stick":2,"storagedrawers:birch_full_drawers_4":32,"minecraft:iron_pickaxe":1,"minecraft:stone_sword":3,"storagedrawers:dark_oak_full_drawers_4":1,"minecraft:stone_shovel":2,"minecraft:diamond_hoe":1,"minecraft:furnace":2,"storagedrawers:spruce_full_drawers_4":1,"minecraft:bone_meal":32,"minecraft:flint_and_steel":1,"minecraft:stone_pickaxe":10,"minecraft:diamond_boots":1,"minecraft:spruce_boat":1,"minecraft:redstone_block":24,"minecraft:dark_oak_planks":2,"minecraft:wheat":7,"minecraft:cooked_beef":16,"minecraft:crimson_planks":6,"minecraft:diamond_sword":1,"minecraft:bucket":2,"minecraft:stone_axe":4,"minecraft:air":1990,"minecraft:wooden_axe":2,"minecraft:torch":21,"minecraft:diamond_chestplate":1},"minecraft:picked_up":{"minecraft:wheat":171,"minecraft:redstone_block":49,"minecraft:flower_pot":1,"minecraft:smithing_table":1,"minecraft:potion":1,"minecraft:enchanted_book":11,"minecraft:crimson_planks":16,"minecraft:brewing_stand":2,"minecraft:golden_sword":2,"minecraft:music_disc_cat":1,"minecraft:polished_blackstone_brick_stairs":1,"minecraft:string":84,"minecraft:raw_copper":20,"minecraft:sticky_piston":12,"minecraft:shroomlight":6,"minecraft:sea_pickle":9,"minecraft:cobbled_deepslate":2771,"minecraft:gold_nugget":16,"minecraft:smooth_stone":1,"minecraft:spruce_planks":14,"minecraft:redstone_torch":4,"storagedrawers:dark_oak_full_drawers_4":4,"minecraft:wooden_shovel":8,"minecraft:furnace":1,"minecraft:stick":85,"minecraft:birch_trapdoor":19,"minecraft:torch":27,"minecraft:spruce_stairs":49,"storagedrawers:spruce_full_drawers_4":4,"minecraft:porkchop":17,"minecraft:golden_axe":2,"tombstone:grave_dust":14,"minecraft:stone_sword":2,"minecraft:rotten_flesh":19,"minecraft:blaze_rod":5,"minecraft:iron_bars":3,"minecraft:cobblestone":111,"minecraft:birch_log":772,"minecraft:magma_block":1,"minecraft:magma_cream":2,"minecraft:repeater":4,"minecraft:birch_slab":102,"minecraft:smoker":2,"minecraft:potato":337,"minecraft:flint":8,"minecraft:tuff":228,"minecraft:lapis_lazuli":34,"minecraft:stripped_birch_log":3,"minecraft:dirt":160,"minecraft:lantern":15,"minecraft:brown_candle":4,"minecraft:name_tag":1,"minecraft:twisting_vines":4,"minecraft:bone":7,"minecraft:bow":5,"minecraft:wheat_seeds":329,"minecraft:raw_gold":28,"minecraft:grindstone":1,"minecraft:mossy_stone_bricks":2,"minecraft:glowstone_dust":109,"minecraft:prismarine":1,"minecraft:stone_hoe":6,"minecraft:poisonous_potato":2,"minecraft:stripped_spruce_log":74,"minecraft:fermented_spider_eye":2,"minecraft:dark_oak_log":128,"minecraft:barrel":3,"minecraft:sugar":2,"minecraft:diamond":18,"minecraft:spruce_boat":7,"minecraft:cracked_polished_blackstone_bricks":7,"minecraft:golden_apple":5,"minecraft:spruce_button":27,"minecraft:emerald":19,"minecraft:bread":21,"minecraft:rooted_dirt":3,"minecraft:oak_sapling":49,"minecraft:netherrack":174,"minecraft:dark_oak_fence":13,"minecraft:crimson_roots":4,"quark:crimson_chest":7,"minecraft:coarse_dirt":10,"minecraft:charcoal":7,"minecraft:crafting_table":5,"minecraft:nether_wart":10,"minecraft:ladder":1,"minecraft:leather_leggings":1,"minecraft:gold_block":5,"minecraft:diamond_horse_armor":1,"minecraft:red_bed":3,"minecraft:item_frame":2,"minecraft:birch_fence":14,"minecraft:blackstone":1,"minecraft:cracked_stone_bricks":4,"minecraft:beef":42,"minecraft:spruce_slab":59,"minecraft:birch_sapling":70,"minecraft:sugar_cane":419,"minecraft:chest":13,"minecraft:spruce_trapdoor":132,"minecraft:diamond_hoe":1,"minecraft:raw_iron":18,"minecraft:spruce_fence":2,"minecraft:polished_blackstone_bricks":15,"minecraft:redstone":230,"minecraft:prismarine_crystals":11,"minecraft:arrow":10,"minecraft:weeping_vines":7,"minecraft:peony":1,"minecraft:hay_block":7,"minecraft:saddle":2,"minecraft:gold_ingot":41,"minecraft:white_wool":3,"minecraft:rail":1,"minecraft:bone_block":3,"minecraft:basalt":4,"minecraft:tripwire_hook":2,"minecraft:crimson_stem":31,"minecraft:leather":11,"minecraft:red_mushroom":13,"minecraft:crimson_fungus":3,"minecraft:oak_log":163,"minecraft:nether_wart_block":157,"minecraft:cobblestone_wall":1,"minecraft:blue_bed":4,"minecraft:white_banner":1,"minecraft:apple":31,"minecraft:stone_bricks":16,"minecraft:kelp":73,"minecraft:heart_of_the_sea":1,"minecraft:iron_ingot":2,"minecraft:stone_pickaxe":1,"storagedrawers:birch_full_drawers_4":126,"minecraft:dark_oak_stairs":6,"minecraft:book":222,"minecraft:warped_fungus":2,"minecraft:pumpkin":16,"minecraft:quartz":33,"minecraft:gravel":39,"minecraft:spruce_sapling":23,"minecraft:blast_furnace":1,"minecraft:spruce_log":416,"minecraft:nether_brick_slab":1,"minecraft:dark_oak_fence_gate":14,"minecraft:sea_lantern":2,"minecraft:spruce_door":3,"minecraft:spider_eye":1,"minecraft:stone_axe":5,"minecraft:coal":26},"minecraft:killed_by":{"minecraft:pillager":1,"minecraft:vindicator":2,"minecraft:piglin":1,"minecraft:zombie":2,"minecraft:player":1,"minecraft:hoglin":3},"minecraft:killed":{"minecraft:spider":2,"minecraft:skeleton":4,"minecraft:illusioner":1,"minecraft:magma_cube":51,"minecraft:piglin":9,"minecraft:pig":8,"minecraft:zombie_villager":1,"minecraft:creeper":1,"minecraft:pillager":3,"minecraft:zombie":19,"minecraft:cow":6,"minecraft:blaze":3,"minecraft:vindicator":3,"quark:foxhound":1,"minecraft:hoglin":2,"minecraft:wither_skeleton":2},"minecraft:used":{"storagedrawers:birch_full_drawers_4":11,"minecraft:diamond_hoe":4,"minecraft:chest":17,"minecraft:shield":42,"minecraft:spruce_boat":5,"minecraft:lava_bucket":10,"minecraft:birch_sapling":86,"minecraft:bow":18,"minecraft:furnace":3,"minecraft:potato":6,"minecraft:leather_leggings":2,"minecraft:stone_pickaxe":1388,"minecraft:wooden_pickaxe":39,"minecraft:sugar_cane":69,"minecraft:blue_bed":4,"minecraft:diamond_axe":259,"minecraft:oak_leaves":1,"minecraft:cookie":3,"minecraft:blast_furnace":1,"waystones:waystone":1,"minecraft:bread":22,"minecraft:nether_wart_block":46,"minecraft:diamond_sword":177,"minecraft:grindstone":1,"minecraft:coarse_dirt":1,"minecraft:bone_meal":96,"minecraft:stone_sword":240,"minecraft:flint_and_steel":1,"minecraft:stone_shovel":175,"minecraft:netherrack":26,"minecraft:torch":13,"minecraft:dirt":215,"storagedrawers:dark_oak_full_drawers_4":4,"minecraft:hopper":1,"minecraft:spruce_stairs":26,"minecraft:spruce_fence":2,"minecraft:wooden_axe":123,"minecraft:sea_lantern":3,"minecraft:crimson_planks":40,"minecraft:basalt":4,"tombstone:gift":4,"minecraft:cooked_beef":24,"minecraft:cobbled_deepslate":85,"minecraft:wheat_seeds":77,"minecraft:water_bucket":54,"storagedrawers:spruce_full_drawers_4":4,"minecraft:polished_blackstone_bricks":10,"minecraft:rail":1,"minecraft:crafting_table":7,"minecraft:red_bed":1,"minecraft:smoker":2,"minecraft:diamond_pickaxe":299,"minecraft:diamond_shovel":6,"minecraft:cracked_polished_blackstone_bricks":7,"minecraft:iron_pickaxe":128,"quark:crimson_chest":2,"minecraft:spruce_trapdoor":2,"minecraft:stone_axe":528,"minecraft:cobblestone":156,"storagedrawers:oak_full_drawers_4":4,"minecraft:bucket":65},"minecraft:mined":{"minecraft:spruce_planks":10,"minecraft:brewing_stand":1,"minecraft:spruce_trapdoor":25,"minecraft:grass_block":34,"minecraft:cracked_polished_blackstone_bricks":7,"minecraft:crimson_fungus":3,"minecraft:spawner":3,"minecraft:polished_blackstone_bricks":14,"minecraft:tall_seagrass":1,"minecraft:magma_block":2,"minecraft:glowstone":36,"minecraft:cobbled_deepslate":29,"minecraft:fire":21,"minecraft:pumpkin":16,"minecraft:enchanting_table":1,"minecraft:dark_oak_stairs":4,"minecraft:twisting_vines":1,"minecraft:dirt_path":42,"minecraft:iron_bars":2,"minecraft:spruce_slab":10,"minecraft:tripwire":3,"minecraft:piston_head":3,"minecraft:deepslate_redstone_ore":50,"minecraft:red_bed":1,"minecraft:blackstone":2,"minecraft:kelp_plant":22,"minecraft:twisting_vines_plant":1,"minecraft:smoker":2,"minecraft:torch":1,"minecraft:potted_jungle_sapling":1,"minecraft:blast_furnace":1,"minecraft:chest":8,"minecraft:nether_quartz_ore":39,"storagedrawers:dark_oak_full_drawers_4":4,"minecraft:cobblestone":63,"minecraft:grindstone":1,"minecraft:prismarine":1,"minecraft:sugar_cane":174,"minecraft:wall_torch":7,"minecraft:deepslate_copper_ore":6,"minecraft:birch_sapling":4,"minecraft:repeater":2,"minecraft:nether_wart_block":174,"minecraft:birch_log":162,"minecraft:wheat":91,"minecraft:birch_trapdoor":1,"minecraft:warped_fungus":2,"minecraft:grass":14,"minecraft:oak_log":119,"minecraft:dirt":18,"minecraft:crimson_planks":16,"minecraft:tripwire_hook":1,"minecraft:netherrack":172,"minecraft:oak_leaves":12,"minecraft:deepslate":1094,"minecraft:tuff":132,"minecraft:deepslate_diamond_ore":17,"minecraft:stripped_birch_log":3,"minecraft:sea_lantern":4,"minecraft:ladder":1,"minecraft:dark_oak_fence":2,"minecraft:spruce_fence":2,"minecraft:crimson_roots":5,"minecraft:redstone_wire":2,"minecraft:birch_slab":2,"minecraft:spruce_leaves":1,"minecraft:kelp":6,"minecraft:rooted_dirt":2,"minecraft:crimson_stem":34,"minecraft:large_fern":1,"minecraft:hay_block":7,"minecraft:dark_oak_fence_gate":2,"minecraft:stripped_spruce_log":3,"minecraft:peony":1,"minecraft:gold_block":4,"minecraft:bookshelf":60,"minecraft:potatoes":6,"minecraft:deepslate_iron_ore":8,"minecraft:shroomlight":6,"minecraft:vine":1,"minecraft:rail":1,"minecraft:lantern":14,"minecraft:stone":39,"minecraft:bone_block":3,"minecraft:redstone_wall_torch":1,"minecraft:smithing_table":1,"minecraft:podzol":42,"minecraft:basalt":4,"minecraft:fire_coral":1,"minecraft:crafting_table":6,"minecraft:spruce_button":1,"minecraft:brain_coral_fan":1,"minecraft:deepslate_gold_ore":3,"minecraft:polished_blackstone_brick_stairs":1,"minecraft:blue_bed":3,"minecraft:spruce_stairs":12,"minecraft:coarse_dirt":9,"minecraft:sea_pickle":5,"minecraft:spruce_log":221,"minecraft:gravel":38,"storagedrawers:spruce_full_drawers_4":4,"minecraft:cobweb":94,"minecraft:cracked_stone_bricks":1,"quark:crimson_chest":7,"minecraft:stone_bricks":14,"minecraft:mossy_stone_bricks":2,"minecraft:fern":4},"minecraft:custom":{"minecraft:animals_bred":38,"minecraft:interact_with_crafting_table":41,"minecraft:open_barrel":75,"minecraft:leave_game":9,"minecraft:time_since_death":27856,"minecraft:sprint_one_cm":764023,"minecraft:damage_blocked_by_shield":2475,"minecraft:drop":82,"minecraft:talked_to_villager":4,"minecraft:play_time":487504,"minecraft:deaths":10,"minecraft:jump":2363,"minecraft:walk_on_water_one_cm":51988,"minecraft:interact_with_furnace":21,"minecraft:sleep_in_bed":10,"minecraft:waystone_activated":1,"minecraft:damage_dealt":13077,"minecraft:player_kills":1,"minecraft:crouch_one_cm":27956,"tombstone:undead_killed":26,"minecraft:interact_with_smoker":16,"minecraft:interact_with_smithing_table":1,"minecraft:mob_kills":119,"minecraft:climb_one_cm":5406,"minecraft:walk_one_cm":863023,"minecraft:sneak_time":10573,"minecraft:walk_under_water_one_cm":36739,"minecraft:boat_one_cm":208532,"minecraft:interact_with_blast_furnace":9,"minecraft:total_world_time":487504,"minecraft:interact_with_stonecutter":2,"minecraft:time_since_rest":25457,"minecraft:damage_taken":5654,"minecraft:swim_one_cm":162493,"minecraft:fly_one_cm":365147,"minecraft:open_chest":328,"minecraft:fall_one_cm":33562}},"DataVersion":3465}